H57,H47,H35,Mean57,SD57,Max57,Min57,Mean47,SD47,Max47,Min47,Mean35,SD35,Max35,Min35,MeanWD,SDWD,MaxWD,MinWD,MeanTemp,SDTemp,MaxTemp,MinTemp,Date,Time
57,47,35,7.09,1.34,10.67,3.03,6.97,1.34,10.29,3.41,6.87,1.34,10.29,3.8,262,11,257,0,22,0.2,22.8,21.6,3/25/2009,11:50:00
57,47,35,6.87,1.13,9.15,4.17,6.68,1.18,9.15,3.41,6.57,1.23,9.54,3.03,253,13,245,0,21.9,0,22.2,21.6,3/25/2009,12:00:00
57,47,35,8.04,1.4,11.45,4.56,7.8,1.34,10.29,4.56,7.65,1.4,10.29,4.17,262,8,256,0,22.2,0,22.5,22.2,3/25/2009,12:10:00
57,47,35,8.62,1.04,11.45,4.94,8.5,0.99,11.07,5.71,8.34,1.04,11.45,4.94,254,8,257,0,22.5,0.2,23.1,22.2,3/25/2009,12:20:00
57,47,35,7.3,1.08,9.92,4.17,7.2,1.13,10.29,3.8,6.99,1.18,9.54,4.17,261,9,255,0,22,0,22.2,21.9,3/25/2009,12:30:00
57,47,35,5.31,1.23,7.99,2.26,5.27,1.23,8.37,2.26,5.4,1.13,8.77,2.26,236,14,245,0,22.6,0.1,23.1,22.2,3/25/2009,12:40:00
57,47,35,5.16,1.18,8.37,2.26,5.14,1.29,7.99,2.26,5.67,1.18,8.37,2.65,232,12,235,0,22.8,0.2,23.4,22.2,3/25/2009,12:50:00
57,47,35,6.46,1.98,11.07,3.03,6.46,1.9,10.29,3.03,6.5,1.74,10.29,3.03,253,17,241,0,23.9,0.4,24.9,23.4,3/25/2009,13:00:00
57,47,35,6.09,1.29,10.29,2.65,5.83,1.34,10.29,2.65,5.65,1.34,9.92,2.26,243,13,245,0,24.3,0.1,24.9,24,3/25/2009,13:10:00
57,47,35,5.84,1.23,9.92,2.65,5.83,1.29,9.54,1.88,5.85,1.29,9.15,2.65,239,15,247,0,24.5,0.2,25.2,24,3/25/2009,13:20:00
57,47,35,7.07,1.29,11.45,3.8,7,1.34,11.45,3.41,7.06,1.4,11.82,3.41,260,12,256,0,24,0,24.3,24,3/25/2009,13:30:00
57,47,35,6.46,1.74,11.82,3.41,6.41,1.67,11.07,2.65,6.43,1.67,10.67,2.65,257,12,254,0,24.3,0,24.6,24,3/25/2009,13:40:00
57,47,35,6.78,1.4,11.45,3.8,6.83,1.34,11.82,4.17,6.34,1.13,9.54,3.41,279,11,279,0,25,0.4,25.5,24.6,3/25/2009,13:50:00
57,47,35,7.27,1.67,11.45,3.41,7.4,1.67,11.45,3.8,7.03,1.6,11.45,3.8,279,18,279,0,25,0.2,25.8,24.9,3/25/2009,14:00:00
57,47,35,7.48,1.04,10.29,5.32,7.77,1.23,10.67,4.94,7.59,1.23,10.67,4.56,269,13,274,0,24.4,0,24.9,24,3/25/2009,14:10:00
57,47,35,9.44,1.47,12.96,5.71,9.26,1.4,12.59,5.71,9.05,1.53,12.2,4.94,259,7,264,0,24.2,0,24.6,24,3/25/2009,14:20:00
57,47,35,7.22,1.34,10.29,3.8,7.31,1.4,10.29,4.17,7,1.29,9.92,4.17,285,13,284,0,25.2,0.4,26.1,24.6,3/25/2009,14:30:00
57,47,35,7.85,1.9,12.96,4.17,7.91,1.9,12.2,4.17,7.8,1.98,12.2,4.56,270,10,276,0,24.9,0.4,26.1,24.6,3/25/2009,14:40:00
57,47,35,8.18,1.47,12.2,5.32,8.16,1.47,11.45,4.56,7.98,1.4,11.45,5.32,257,15,265,0,24.9,0.1,25.2,24.9,3/25/2009,14:50:00
57,47,35,7.71,1.74,11.82,4.17,8.23,1.9,12.2,3.41,7.89,1.9,11.82,3.03,279,12,281,0,24.9,0,25.2,24.9,3/25/2009,15:00:00
57,47,35,7.85,1.47,11.82,4.94,7.98,1.34,11.82,4.94,7.78,1.29,11.45,5.32,264,12,253,0,24.9,0.1,25.5,24.6,3/25/2009,15:10:00
57,47,35,7.2,1.74,12.59,3.41,7.18,1.82,12.59,3.41,6.92,1.9,12.2,3.41,274,10,290,0,25.2,0.1,25.8,24.9,3/25/2009,15:20:00
57,47,35,7.25,1.67,12.2,3.8,7.28,1.53,11.82,2.65,7.13,1.47,11.07,3.41,268,11,276,0,25.2,0.2,25.8,24.9,3/25/2009,15:30:00
57,47,35,9.03,1.9,12.96,4.17,8.95,1.82,12.59,4.94,8.76,1.9,12.96,4.17,267,8,272,0,25.2,0.1,25.5,24.9,3/25/2009,15:40:00
57,47,35,7.34,1.67,12.2,3.8,7.55,1.67,12.96,3.8,7.34,1.53,11.82,4.17,270,9,285,0,25.1,0,25.5,24.9,3/25/2009,15:50:00
57,47,35,7.97,1.4,11.07,4.94,8.21,1.34,11.07,4.94,7.73,1.29,11.07,4.56,280,9,275,0,25.1,0,25.5,24.9,3/25/2009,16:00:00
57,47,35,7.01,1.67,12.2,3.41,6.99,1.74,12.2,3.8,6.81,1.74,11.82,2.65,265,20,302,0,25.2,0,25.5,24.9,3/25/2009,16:10:00
57,47,35,8.1,1.4,11.07,4.56,8.22,1.4,11.45,4.94,7.91,1.4,11.07,4.17,267,13,285,0,25.2,0.1,25.5,24.9,3/25/2009,16:20:00
57,47,35,8.23,1.23,11.07,5.32,8.46,1.08,11.45,6.09,8.04,1.29,11.82,5.32,270,12,280,0,25.5,0,25.8,25.2,3/25/2009,16:30:00
57,47,35,7.07,1.23,9.54,4.17,6.95,1.23,9.54,3.8,6.87,1.34,9.54,3.8,259,11,245,0,25.4,0,25.8,25.2,3/25/2009,16:40:00
57,47,35,6.86,1.18,9.92,3.8,6.83,1.04,9.92,4.56,6.77,1.13,9.54,3.8,266,11,250,0,25.4,0,25.5,25.2,3/25/2009,16:50:00
57,47,35,7.86,1.82,12.2,4.17,7.8,1.6,11.45,4.17,7.54,1.6,11.07,4.17,267,13,275,0,25.5,0,25.8,25.5,3/25/2009,17:00:00
57,47,35,8.38,1.08,10.67,4.56,8.36,0.95,10.67,5.71,8.25,1.13,11.07,4.56,254,9,271,0,25.2,0,25.5,24.9,3/25/2009,17:10:00
57,47,35,8.21,1.13,11.07,5.32,8.09,1.08,10.67,4.94,8.14,1.18,11.45,4.56,249,10,261,0,25,0,25.2,24.9,3/25/2009,17:20:00
57,47,35,8.47,1.08,11.45,5.32,8.27,1.08,10.67,6.09,7.94,1.23,10.29,4.94,253,7,259,0,25,0,25.2,24.9,3/25/2009,17:30:00
57,47,35,6.29,1.6,9.15,3.41,6.23,1.67,9.54,3.41,6.11,1.6,9.15,3.41,261,8,268,0,24.9,0,25.2,24.9,3/25/2009,17:40:00
57,47,35,5.79,1.08,8.77,2.65,5.86,1.04,8.37,3.41,5.95,1.23,9.15,3.41,244,13,230,0,24.9,0,24.9,24.6,3/25/2009,17:50:00
57,47,35,5.66,1.18,8.77,3.03,5.86,1.04,9.15,2.65,6.11,0.99,9.15,3.8,239,9,241,0,24.4,0,24.9,24.3,3/25/2009,18:00:00
57,47,35,4.95,0.95,8.37,2.65,5.25,0.91,7.61,3.03,5.6,0.77,7.61,3.8,238,9,245,0,24.2,0,24.6,24,3/25/2009,18:10:00
57,47,35,5.33,0.99,8.77,2.65,5.77,1.08,8.77,3.03,6.16,1.04,9.15,3.41,237,8,239,0,23.8,0,24,23.7,3/25/2009,18:20:00
57,47,35,4.53,0.87,6.47,2.65,4.91,0.87,6.85,2.65,5.6,0.77,7.24,3.03,234,8,233,0,23.1,0,23.7,22.8,3/25/2009,18:30:00
57,47,35,4.32,0.99,6.85,2.26,4.7,0.91,6.85,2.26,5.5,0.67,6.85,3.41,235,7,232,0,22.1,0.2,22.8,21.9,3/25/2009,18:40:00
57,47,35,4.29,0.87,6.47,1.88,4.56,0.87,6.85,2.26,5.23,0.64,6.47,3.03,236,7,218,0,21.2,0.2,21.9,20.7,3/25/2009,18:50:00
57,47,35,4.11,0.59,5.71,2.65,4.07,0.67,5.71,1.88,4.34,0.56,5.71,2.65,236,6,241,0,19.8,0.4,20.7,19,3/25/2009,19:00:00
57,47,35,4.01,0.62,5.71,2.26,4.12,0.56,5.71,2.65,4.39,0.56,5.71,2.65,234,6,226,0,18.6,0.1,19,17.9,3/25/2009,19:10:00
57,47,35,2.75,0.62,5.32,1.5,3.35,0.8,5.71,1.5,4.49,0.62,5.71,2.65,225,7,223,0,17.9,0,18.4,17.6,3/25/2009,19:20:00
57,47,35,2.49,0.52,4.17,1.12,3.23,0.67,5.32,2.26,4.89,0.5,6.09,3.41,227,6,226,0,17.6,0,17.9,17.6,3/25/2009,19:30:00
57,47,35,2.83,0.73,5.32,1.5,3.65,0.95,5.71,1.88,5.11,0.47,6.09,3.41,228,7,231,0,17.7,0,17.9,17.6,3/25/2009,19:40:00
57,47,35,2.31,0.31,3.41,1.5,3.05,0.64,4.94,1.88,4.94,0.59,6.09,3.03,221,6,234,0,17.8,0,17.9,17.3,3/25/2009,19:50:00
57,47,35,4.1,0.95,6.09,1.88,5.34,0.67,6.47,3.03,5.72,0.26,6.47,4.94,214,2,211,0,17.4,0,17.6,17.3,3/25/2009,20:00:00
57,47,35,5.98,0.32,6.85,4.94,5.95,0.27,6.47,5.32,6.04,0.26,6.85,5.32,209,1,210,0,17.9,0.2,18.4,17.6,3/25/2009,20:10:00
57,47,35,6.4,0.25,6.85,5.71,6.29,0.21,6.85,5.71,6.29,0.2,6.85,6.09,209,1,208,0,18.4,0,18.4,17.9,3/25/2009,20:20:00
57,47,35,6.25,0.4,6.85,3.8,6.21,0.24,6.85,5.71,6.19,0.22,6.85,5.71,210,3,211,0,18.1,0.2,18.4,17.9,3/25/2009,20:30:00
57,47,35,6.66,0.27,7.61,6.09,6.54,0.26,7.24,6.09,6.55,0.26,7.24,6.09,207,2,210,0,18.6,0,19,17.9,3/25/2009,20:40:00
57,47,35,6.8,0.32,7.99,5.71,6.65,0.26,7.61,6.09,6.52,0.23,7.24,6.09,208,2,208,0,18.6,0,18.7,18.4,3/25/2009,20:50:00
57,47,35,7.16,0.47,8.37,4.56,7.18,0.29,7.99,6.09,7.04,0.26,7.61,6.09,210,2,210,0,18.4,0,18.7,18.1,3/25/2009,21:00:00
57,47,35,7.66,0.4,8.77,6.09,7.53,0.29,8.37,6.85,7.4,0.28,7.99,6.85,209,2,202,0,18.4,0,18.4,17.9,3/25/2009,21:10:00
57,47,35,7.7,0.77,9.15,4.17,7.89,0.45,9.15,6.09,7.83,0.45,9.54,6.47,209,3,205,0,18.3,0.1,18.4,17.9,3/25/2009,21:20:00
57,47,35,7.58,1.23,9.92,3.8,8.28,0.77,9.92,4.17,8.38,0.5,9.92,7.24,212,3,210,0,18.1,0.1,18.4,17.9,3/25/2009,21:30:00
57,47,35,6.25,1.23,8.77,1.88,7.24,1.08,9.92,3.03,7.93,0.8,9.54,3.8,213,5,194,0,18.8,0,19.3,18.4,3/25/2009,21:40:00
57,47,35,5.35,1.4,9.54,2.26,6.44,1.47,9.54,3.8,7.49,0.99,9.54,4.17,217,8,214,0,19,0,19.3,18.4,3/25/2009,21:50:00
57,47,35,5.1,1.23,8.37,2.26,5.99,1.13,8.37,3.03,6.66,0.83,8.37,4.17,216,8,227,0,18.4,0,18.7,17.9,3/25/2009,22:00:00
57,47,35,4.46,1.18,8.37,1.88,5.03,1.13,7.99,2.26,6.02,0.95,8.37,2.26,226,12,256,0,18.1,0.1,18.4,17.9,3/25/2009,22:10:00
57,47,35,6.64,1.29,9.92,2.65,6.36,1.08,9.54,3.41,6.6,0.95,8.37,3.8,235,7,229,0,17.9,0,18.4,17.9,3/25/2009,22:20:00
57,47,35,6.18,1.67,11.07,3.03,6.1,1.13,9.15,3.03,6.53,0.99,8.77,3.03,227,12,234,0,17.4,0.4,17.9,16.7,3/25/2009,22:30:00
57,47,35,5.26,1.34,9.15,2.26,5.13,1.04,7.99,2.26,5.82,1.04,8.37,3.03,226,11,220,0,16.7,0,16.7,16.5,3/25/2009,22:40:00
57,47,35,6.01,1.6,9.92,2.26,6.23,1.67,9.92,2.26,7.14,1.18,9.92,4.56,227,12,211,0,16.5,0.1,16.7,16.2,3/25/2009,22:50:00
57,47,35,6.4,1.4,9.54,3.03,6.6,1.47,9.92,3.03,7.65,1.18,9.92,4.17,232,8,239,0,16.7,0,16.7,16.2,3/25/2009,23:00:00
57,47,35,4.99,0.91,7.99,3.03,5.22,0.99,8.37,3.03,6.5,0.95,8.77,4.17,226,11,221,0,16.1,0,16.5,15.9,3/25/2009,23:10:00
57,47,35,5.59,1.04,8.37,3.41,5.7,1.13,9.15,3.03,7.14,0.91,9.15,4.56,226,9,232,0,15.6,0,15.9,15.3,3/25/2009,23:20:00
57,47,35,6.94,0.7,9.15,4.56,7.11,0.8,9.54,4.94,8.03,0.77,9.92,4.94,234,5,236,0,15.1,0.1,15.3,14.8,3/25/2009,23:30:00
57,47,35,6.01,1.29,9.15,3.03,6.33,1.34,9.54,3.41,7.53,1.18,9.92,4.17,229,9,227,0,14.5,0,14.8,14.5,3/25/2009,23:40:00
57,47,35,5.03,0.87,7.99,2.65,5.22,0.99,8.77,3.03,7.05,1.04,9.54,4.56,225,10,220,0,14.7,0,15.1,14.8,3/25/2009,23:50:00
57,47,35,5.46,1.13,8.77,2.65,5.74,0.95,7.99,3.41,6.97,0.91,9.15,4.56,227,9,238,0,15.1,0,15.3,15.1,3/26/2009,0:00:00
57,47,35,4.83,0.77,7.24,3.03,5.12,0.83,7.61,3.41,6.65,0.99,9.54,3.8,226,10,224,0,14.9,0,15.1,14.8,3/26/2009,0:10:00
57,47,35,5.74,0.83,7.61,3.41,5.69,0.87,7.99,3.8,6.88,0.8,8.77,3.8,227,9,211,0,14.8,0,15.1,14.8,3/26/2009,0:20:00
57,47,35,5.79,0.95,8.37,3.41,6.07,1.04,9.15,3.8,7.3,1.04,9.54,4.17,229,8,232,0,15.1,0,15.3,14.8,3/26/2009,0:30:00
57,47,35,5.84,0.8,7.61,3.8,5.88,0.83,7.99,3.8,6.93,0.87,8.77,4.17,228,8,226,0,15.2,0,15.3,15.1,3/26/2009,0:40:00
57,47,35,6.04,1.13,9.54,3.03,6.23,1.29,9.15,2.65,7.27,1.08,9.92,4.56,229,9,229,0,15.3,0,15.3,15.1,3/26/2009,0:50:00
57,47,35,5.36,0.99,8.37,3.03,5.51,1.13,8.37,2.65,6.5,0.91,9.15,3.41,229,10,224,0,15.2,0,15.3,15.1,3/26/2009,1:00:00
57,47,35,6.9,1.18,10.67,4.17,6.6,0.83,9.15,3.8,6.96,0.7,8.77,5.32,235,7,239,0,15.1,0,15.3,15.1,3/26/2009,1:10:00
57,47,35,9.16,0.99,11.82,6.47,7.99,0.73,9.92,6.47,7.5,0.59,9.54,6.09,239,5,241,0,15.5,0,15.6,15.1,3/26/2009,1:20:00
57,47,35,6.59,0.87,9.15,4.17,6.69,0.73,8.37,4.56,7.23,0.73,8.77,4.94,234,7,241,0,15,0.3,15.6,14.5,3/26/2009,1:30:00
57,47,35,7.18,1.9,11.45,3.8,7.78,1.6,11.45,3.8,8.38,1.04,10.67,6.09,218,9,213,0,14.7,0,15.1,14.5,3/26/2009,1:40:00
57,47,35,7.97,2.16,11.82,4.17,8.92,1.47,11.45,4.56,8.92,0.73,10.67,6.09,212,5,211,0,14.7,0,15.1,14.8,3/26/2009,1:50:00
57,47,35,8.66,1.53,11.45,5.32,9.49,0.87,11.45,6.85,8.98,0.59,10.67,7.61,212,5,215,0,14.4,0.1,14.8,14.2,3/26/2009,2:00:00
57,47,35,7.95,1.34,12.2,5.32,9.06,1.4,11.82,5.32,9.34,0.59,11.07,7.61,214,5,210,0,14.4,0,14.5,14.2,3/26/2009,2:10:00
57,47,35,8.98,1.23,11.82,6.47,9.77,0.95,11.82,6.47,9.55,0.64,11.07,7.24,214,5,209,0,14.4,0,14.5,14.5,3/26/2009,2:20:00
57,47,35,8.74,0.8,11.82,6.85,9.4,0.8,11.82,7.24,9.49,0.67,11.07,7.61,215,5,211,0,14.2,0,14.5,14.2,3/26/2009,2:30:00
57,47,35,8.95,0.73,11.82,6.85,9.49,0.77,11.45,7.61,9.56,0.7,11.45,7.61,216,5,210,0,14,0,14.2,14,3/26/2009,2:40:00
57,47,35,9.72,0.83,11.82,7.99,9.34,0.77,12.2,7.24,9.7,0.77,11.82,7.99,218,5,220,0,13.9,0,14.2,13.7,3/26/2009,2:50:00
57,47,35,9.96,1.18,13.34,7.99,10.39,0.91,12.96,8.37,10.01,0.73,12.2,7.99,214,5,203,0,13.8,0.2,14.2,13.4,3/26/2009,3:00:00
57,47,35,10.31,1.23,12.96,7.24,10.44,0.91,12.59,7.61,9.62,0.77,11.45,7.24,214,5,214,0,13.3,0,13.7,13.2,3/26/2009,3:10:00
57,47,35,10.8,0.91,12.96,8.37,10.83,0.7,12.96,9.15,10.08,0.8,12.59,8.37,214,6,213,0,13.2,0,13.4,13.2,3/26/2009,3:20:00
57,47,35,10.25,0.77,12.59,8.77,10.37,0.7,12.59,8.37,9.78,0.77,12.2,7.61,215,5,215,0,13.2,0,13.7,13.2,3/26/2009,3:30:00
57,47,35,10.63,0.77,12.2,8.77,10.55,0.67,12.59,8.77,9.47,0.67,11.82,7.61,213,5,213,0,12.6,0.1,13.2,12.4,3/26/2009,3:40:00
57,47,35,10.8,0.64,12.2,9.54,10.99,0.67,12.59,9.15,10.14,0.7,11.82,8.37,214,5,218,0,12.4,0,12.6,12.4,3/26/2009,3:50:00
57,47,35,10.22,0.8,12.2,8.37,10.33,0.77,12.2,8.77,9.64,0.67,11.45,7.99,216,5,210,0,12.2,0,12.4,11.8,3/26/2009,4:00:00
57,47,35,9.8,0.67,11.82,8.37,10.17,0.64,11.82,8.77,9.83,0.67,11.45,7.61,216,4,221,0,11.8,0,11.8,11.6,3/26/2009,4:10:00
57,47,35,10.49,0.62,11.82,9.15,10.49,0.56,12.2,9.15,10.45,0.59,11.82,8.77,218,4,215,0,11.6,0.1,11.8,11.3,3/26/2009,4:20:00
57,47,35,9.95,0.56,11.45,8.37,10.1,0.59,11.82,8.37,10.25,0.56,11.82,8.37,219,3,223,0,11.5,0.1,11.8,11.3,3/26/2009,4:30:00
57,47,35,10.48,0.5,11.82,9.15,10.27,0.56,11.82,9.15,10.32,0.47,11.45,9.15,219,4,215,0,11.3,0,11.3,11,3/26/2009,4:40:00
57,47,35,9.9,0.47,11.45,8.37,9.6,0.56,11.45,7.99,10.27,0.54,11.82,8.77,219,3,221,0,11,0,11.3,10.8,3/26/2009,4:50:00
57,47,35,10.19,0.5,11.45,8.77,9.97,0.56,11.82,8.77,10.34,0.52,11.82,9.15,219,3,218,0,10.9,0,11,10.8,3/26/2009,5:00:00
57,47,35,11.04,0.52,12.96,9.54,11.21,0.56,12.96,9.54,10.81,0.56,12.96,8.77,218,3,218,0,10.8,0,11,10.5,3/26/2009,5:10:00
57,47,35,11.72,0.62,14.14,9.92,11.62,0.62,13.34,9.92,11.1,0.67,12.96,9.15,218,5,215,0,11,0,11.3,10.8,3/26/2009,5:20:00
57,47,35,11.6,0.77,14.52,9.54,11.47,0.83,14.14,9.15,11.01,0.83,13.34,9.15,219,5,224,0,11.4,0.1,11.8,11,3/26/2009,5:30:00
57,47,35,11.51,0.95,14.14,8.77,11.33,0.99,14.52,7.99,10.81,0.95,13.34,7.61,218,5,227,0,11.8,0,11.8,11.6,3/26/2009,5:40:00
57,47,35,12.82,0.99,15.27,9.92,12.47,0.99,15.27,9.92,11.48,0.95,14.52,8.77,216,6,211,0,11.8,0,11.8,11.6,3/26/2009,5:50:00
57,47,35,13.08,0.73,14.87,10.67,12.87,0.77,14.87,10.29,12.03,0.91,14.52,9.54,217,5,217,0,11.6,0,11.8,11.3,3/26/2009,6:00:00
57,47,35,12.88,0.83,15.27,10.67,12.57,0.87,15.27,10.29,11.52,0.95,14.14,8.77,216,5,220,0,11.6,0,11.8,11.3,3/26/2009,6:10:00
57,47,35,12.28,0.83,14.14,10.67,12.02,0.91,14.87,9.15,11.2,0.95,14.14,8.77,217,5,214,0,11.4,0,11.6,11.3,3/26/2009,6:20:00
57,47,35,11.94,0.73,14.52,10.29,11.79,0.8,14.14,9.15,11.14,0.8,13.34,9.15,218,5,222,0,11.3,0,11.3,11,3/26/2009,6:30:00
57,47,35,11.98,0.64,13.73,10.29,11.7,0.73,13.73,9.54,11.01,0.87,13.34,7.61,219,5,224,0,11.2,0,11.3,11,3/26/2009,6:40:00
57,47,35,12.76,0.54,14.14,11.07,12,0.62,13.73,10.29,11.42,0.67,12.96,9.92,221,4,213,0,11.4,0,11.8,11.3,3/26/2009,6:50:00
57,47,35,12.69,0.5,14.14,11.07,11.62,0.52,12.96,10.29,11.19,0.73,13.34,9.15,221,4,221,0,11.8,0,11.8,11.3,3/26/2009,7:00:00
57,47,35,12.26,0.67,13.73,9.92,11.23,0.62,12.59,9.15,10.82,0.77,12.96,8.77,222,5,226,0,12,0,12.1,11.8,3/26/2009,7:10:00
57,47,35,11.94,0.64,13.34,9.92,10.93,0.62,12.96,9.15,10.55,0.77,12.59,8.37,222,4,228,0,12.4,0.1,12.6,12.1,3/26/2009,7:20:00
57,47,35,11.5,0.54,13.34,9.92,10.6,0.59,12.2,8.77,10.07,0.77,11.82,7.99,224,5,225,0,12.9,0.1,13.4,12.4,3/26/2009,7:30:00
57,47,35,11.82,0.62,13.34,9.92,11.08,0.67,12.96,9.15,10.42,0.8,12.59,8.37,227,5,224,0,13.7,0.2,14.2,13.2,3/26/2009,7:40:00
57,47,35,10.33,1.04,13.34,7.99,9.79,0.87,12.59,7.61,9.83,0.8,12.2,7.61,225,5,218,0,14.5,0.1,15.1,14.2,3/26/2009,7:50:00
57,47,35,8.87,0.77,11.07,6.09,8.71,0.8,11.07,6.85,9.28,0.87,12.2,6.85,223,6,223,0,15.4,0.3,15.6,14.8,3/26/2009,8:00:00
57,47,35,9.18,1.08,12.96,6.85,9.11,0.99,12.59,6.47,9.74,0.95,12.59,6.85,224,5,229,0,16.1,0.1,16.5,15.6,3/26/2009,8:10:00
57,47,35,10.45,0.99,13.73,7.99,10.19,0.99,12.96,7.61,10.15,0.99,13.34,6.85,225,6,226,0,16.8,0.1,17,16.5,3/26/2009,8:20:00
57,47,35,10.85,0.95,14.52,8.37,10.75,1.04,14.52,8.77,10.8,1.04,13.73,8.37,222,7,234,0,17.1,0,17.3,16.7,3/26/2009,8:30:00
57,47,35,10.44,1.29,13.73,6.47,10.46,1.4,14.14,7.24,10.67,1.4,14.87,7.24,228,7,236,0,17.2,0,17.3,17,3/26/2009,8:40:00
57,47,35,9.3,1.4,12.96,5.32,9.52,1.34,12.59,5.71,10.13,1.23,12.96,6.85,233,7,238,0,17.2,0,17.3,16.7,3/26/2009,8:50:00
57,47,35,10.04,1.34,14.87,6.47,10.31,1.23,13.73,6.85,10.85,1.18,13.73,7.61,234,6,232,0,17.1,0,17.3,17,3/26/2009,9:00:00
57,47,35,9.17,1.13,12.2,5.71,9.4,1.08,13.34,6.85,9.98,1.13,12.96,6.47,235,8,231,0,17.8,0.1,18.1,17.3,3/26/2009,9:10:00
57,47,35,9.59,1.47,13.34,5.71,9.98,1.4,12.96,6.47,10.59,1.53,14.14,6.85,236,8,235,0,18.4,0,18.7,17.9,3/26/2009,9:20:00
57,47,35,8.7,1.29,12.2,5.71,8.94,1.23,12.2,6.09,9.36,1.29,12.59,6.09,240,8,238,0,18.8,0.2,19.3,18.4,3/26/2009,9:30:00
57,47,35,9.52,1.53,13.73,4.94,9.81,1.4,13.34,5.71,10.32,1.47,13.73,6.85,238,8,239,0,19.6,0.3,20.1,19,3/26/2009,9:40:00
57,47,35,10.55,1.29,14.52,6.47,10.55,1.23,14.14,7.24,10.57,1.29,14.52,6.85,241,8,253,0,20.1,0.2,20.7,19.8,3/26/2009,9:50:00
57,47,35,9.51,1.34,12.96,5.32,9.66,1.29,13.73,5.71,10.03,1.29,13.73,6.47,241,7,240,0,20.8,0,21.3,20.7,3/26/2009,10:00:00
57,47,35,10.21,2.07,15.63,4.94,10.27,1.98,15.63,5.71,10.48,1.9,16.05,6.09,239,9,256,0,21.4,0.3,22.2,20.7,3/26/2009,10:10:00
57,47,35,13.5,2.36,19.07,8.77,13.13,2.16,17.94,9.15,12.88,2.07,17.94,7.61,251,9,254,0,22.4,0.2,23.4,21.9,3/26/2009,10:20:00
57,47,35,16.78,1.6,20.6,11.82,16.35,1.53,19.85,10.67,15.8,1.82,20.6,10.29,251,6,254,0,23.1,0,23.4,22.8,3/26/2009,10:30:00
57,47,35,14.91,2.07,19.48,8.37,14.59,2.07,19.07,9.15,14.13,2.16,19.07,9.15,258,9,263,0,23.8,0,24.3,23.4,3/26/2009,10:40:00
57,47,35,17.12,1.67,19.85,10.29,16.59,1.74,19.85,10.67,16.12,1.82,19.85,10.29,258,7,260,0,23.7,0,24,23.4,3/26/2009,10:50:00
57,47,35,14.69,1.9,18.72,8.77,14.24,1.9,19.07,7.61,13.75,1.98,18.33,6.85,256,8,246,0,24.3,0.1,24.9,24,3/26/2009,11:00:00
57,47,35,12.73,1.98,17.57,7.99,12.55,1.9,16.79,6.85,12.25,1.9,16.4,6.85,257,13,235,0,24.5,0,24.9,24.3,3/26/2009,11:10:00
57,47,35,13.38,1.6,17.2,7.61,13.15,1.74,16.79,7.99,12.84,1.74,17.2,8.37,260,9,253,0,24.6,0.3,25.2,24,3/26/2009,11:20:00
57,47,35,12.77,1.98,17.94,7.99,12.52,1.9,17.94,6.47,12.26,1.98,17.57,6.85,255,13,241,0,24.4,0,24.9,24.3,3/26/2009,11:30:00
57,47,35,11.52,1.67,16.4,7.61,11.33,1.67,15.63,7.61,11.04,1.82,16.4,6.85,260,12,279,0,25.1,0,25.5,24.9,3/26/2009,11:40:00
57,47,35,11.53,1.9,16.05,6.47,11.47,1.82,15.63,6.85,11.39,1.82,15.63,6.09,251,11,256,0,25.3,0.1,25.8,24.9,3/26/2009,11:50:00
57,47,35,12.43,2.07,19.07,7.99,12.34,1.98,18.33,8.37,12.12,2.16,17.57,7.61,260,9,261,0,25.3,0.1,25.8,24.9,3/26/2009,12:00:00
57,47,35,12.02,2.16,19.07,7.24,11.82,2.16,18.72,7.99,11.54,2.07,19.48,7.61,254,9,258,0,25.4,0.3,26.4,24.9,3/26/2009,12:10:00
57,47,35,11.42,1.9,17.2,6.47,11.46,1.9,17.2,6.85,11.51,1.82,16.79,7.99,248,11,246,0,25.9,0,26.4,25.5,3/26/2009,12:20:00
57,47,35,11.75,1.82,16.05,7.24,11.54,1.74,14.87,7.24,11.32,1.74,15.63,6.85,249,10,255,0,25.8,0,26.1,25.5,3/26/2009,12:30:00
57,47,35,12.61,1.82,16.05,7.99,12.49,1.53,16.4,8.37,12.15,1.74,17.57,7.24,261,11,270,0,26,0,26.4,25.5,3/26/2009,12:40:00
57,47,35,13.33,2.16,17.57,7.99,12.97,2.07,17.57,7.61,12.6,2.16,17.2,7.24,253,8,239,0,26.1,0.1,26.7,25.8,3/26/2009,12:50:00
57,47,35,12.17,1.98,17.2,7.24,12.09,1.82,17.2,7.61,11.91,1.82,16.79,7.61,256,12,257,0,26,0.3,26.4,25.5,3/26/2009,13:00:00
57,47,35,13.99,1.98,18.72,9.15,13.66,1.9,18.33,8.37,13.33,1.9,18.72,8.77,251,10,258,0,26.3,0.1,26.7,26.1,3/26/2009,13:10:00
57,47,35,13.4,2.57,18.72,8.37,13.11,2.46,18.33,7.99,12.87,2.46,18.33,7.99,254,9,231,0,26.4,0,26.7,26.1,3/26/2009,13:20:00
57,47,35,13.88,2.36,19.07,8.37,13.74,2.36,19.48,8.77,13.52,2.46,20.22,8.37,261,8,267,0,26.4,0,27,26.1,3/26/2009,13:30:00
57,47,35,14.84,1.98,19.85,9.92,14.38,1.98,19.85,8.77,14.04,2.07,19.48,9.15,256,8,251,0,26.4,0,26.7,26.1,3/26/2009,13:40:00
57,47,35,11.45,1.98,16.4,7.61,11.41,1.98,16.05,5.71,11.76,1.82,15.27,6.85,243,9,246,0,26.4,0,26.7,26.4,3/26/2009,13:50:00
57,47,35,12.99,2.16,18.33,8.77,12.95,2.16,19.07,8.37,12.76,2.16,17.57,7.99,242,12,249,0,27.1,0.3,27.6,26.7,3/26/2009,14:00:00
57,47,35,13.36,1.67,17.2,9.15,13.27,1.67,17.2,8.37,13.29,1.74,17.2,7.99,243,9,250,0,26.6,0.1,27.3,26.4,3/26/2009,14:10:00
57,47,35,13.92,2.26,20.6,9.15,13.59,2.26,19.48,7.99,13.5,2.26,20.6,7.24,249,10,267,0,26.7,0.1,27.3,26.7,3/26/2009,14:20:00
57,47,35,11.42,2.36,16.79,6.85,11.51,2.26,16.79,7.24,11.5,2.26,17.2,7.24,240,11,232,0,27.1,0,27.6,26.7,3/26/2009,14:30:00
57,47,35,13.67,1.53,17.57,8.77,13.44,1.47,16.79,8.77,13.25,1.47,16.05,9.54,244,7,238,0,27.4,0,27.6,27,3/26/2009,14:40:00
57,47,35,13.34,2.36,20.22,8.37,13.15,2.26,20.6,8.37,13.05,2.16,20.22,8.77,243,10,234,0,27.2,0.1,27.6,26.7,3/26/2009,14:50:00
57,47,35,13.21,1.98,18.33,7.99,13.16,1.98,17.94,8.77,13.03,2.07,17.57,7.99,238,9,238,0,27.2,0,27.6,26.7,3/26/2009,15:00:00
57,47,35,13.55,1.67,19.07,9.15,13.31,1.74,17.57,8.77,13.16,1.98,17.2,7.99,245,10,245,0,27.2,0,27.6,27,3/26/2009,15:10:00
57,47,35,13.5,1.53,16.4,9.54,13.4,1.47,17.2,9.92,13.17,1.47,16.4,8.77,243,13,246,0,27,0,27.6,26.7,3/26/2009,15:20:00
57,47,35,11.54,2.16,16.4,6.85,11.61,2.07,16.79,6.47,11.85,1.98,17.94,7.24,235,8,239,0,27.1,0.1,27.6,26.7,3/26/2009,15:30:00
57,47,35,12.81,2.07,18.33,7.99,12.64,2.07,16.79,7.61,12.41,2.07,19.48,7.24,243,12,249,0,27.2,0,27.6,27,3/26/2009,15:40:00
57,47,35,13.89,1.67,19.07,10.29,14.04,1.6,17.57,10.67,14.27,1.67,17.57,9.92,231,6,243,0,26.8,0.1,27.3,26.7,3/26/2009,15:50:00
57,47,35,12.71,2.07,17.94,6.85,12.71,2.07,17.94,7.24,12.76,1.98,17.57,7.61,231,12,244,0,26.8,0.1,27.3,26.7,3/26/2009,16:00:00
57,47,35,12.59,1.82,16.79,8.37,12.32,1.82,16.05,8.37,12.09,1.74,16.05,8.37,247,10,235,0,27,0,27.3,26.7,3/26/2009,16:10:00
57,47,35,13.45,2.36,18.33,7.24,13.28,2.26,18.33,7.61,13.05,2.26,18.33,8.37,248,9,251,0,26.8,0.2,27.3,26.7,3/26/2009,16:20:00
57,47,35,12.94,3.2,19.07,6.09,12.97,2.93,19.07,6.47,13.11,2.69,19.48,7.24,236,9,235,0,26.8,0.2,27.3,26.4,3/26/2009,16:30:00
57,47,35,13.05,1.82,17.94,7.99,12.77,1.82,17.2,7.24,12.6,1.82,16.79,8.37,246,8,245,0,26.6,0,27,26.7,3/26/2009,16:40:00
57,47,35,14.09,1.53,17.94,10.29,13.76,1.4,17.2,9.92,13.37,1.47,17.2,8.77,250,8,249,0,26.6,0,26.7,26.4,3/26/2009,16:50:00
57,47,35,13.32,1.98,17.57,8.77,13.19,1.9,17.2,8.77,13.18,1.9,17.2,9.15,244,7,247,0,26.4,0,26.7,26.4,3/26/2009,17:00:00
57,47,35,12.52,2.07,17.57,6.85,12.54,2.07,17.94,7.24,12.57,2.07,17.57,6.85,238,9,226,0,26.1,0,26.4,26.1,3/26/2009,17:10:00
57,47,35,13.93,2.81,18.33,7.24,13.92,2.69,18.33,6.85,13.96,2.36,18.72,9.15,235,6,234,0,25.9,0,26.4,25.8,3/26/2009,17:20:00
57,47,35,12.71,2.07,17.57,8.37,12.62,1.9,17.2,8.37,12.62,1.67,16.79,8.37,239,7,243,0,25.7,0.1,26.1,25.5,3/26/2009,17:30:00
57,47,35,11.01,1.53,15.63,7.24,11.01,1.47,14.87,7.24,11.02,1.4,14.52,7.99,240,11,215,0,25.8,0,26.1,25.5,3/26/2009,17:40:00
57,47,35,12.27,2.07,16.05,7.24,12.17,1.98,16.05,7.61,12.07,1.9,16.79,7.99,242,7,238,0,25.7,0.1,26.1,25.5,3/26/2009,17:50:00
57,47,35,12.76,2.36,17.94,6.09,12.51,2.36,17.94,6.85,12.17,2.36,17.94,7.24,243,8,239,0,25.5,0,25.8,25.5,3/26/2009,18:00:00
57,47,35,12.62,2.07,17.94,7.24,12.2,2.07,17.57,7.24,11.8,2.07,16.79,7.24,246,7,251,0,25.2,0.1,25.5,24.9,3/26/2009,18:10:00
57,47,35,11.41,1.82,15.63,7.61,11.11,1.74,15.27,6.85,10.94,1.6,14.87,7.99,245,8,260,0,24.7,0,24.9,24.6,3/26/2009,18:20:00
57,47,35,8.58,1.53,13.34,4.94,8.82,1.53,12.96,4.94,9.01,1.53,13.34,5.71,240,6,245,0,24.4,0,24.9,24.3,3/26/2009,18:30:00
57,47,35,7.51,1.04,10.29,4.17,7.81,1.18,10.67,4.56,8.1,1.18,11.82,4.94,238,7,224,0,24,0,24.6,23.7,3/26/2009,18:40:00
57,47,35,10.01,2.46,16.05,5.32,9.96,2.07,15.27,6.09,9.89,1.82,15.27,6.85,243,8,254,0,23.7,0,24,23.7,3/26/2009,18:50:00
57,47,35,9.12,1.6,13.73,5.32,9.08,1.53,13.73,5.71,9.15,1.34,13.34,5.71,244,7,236,0,23.6,0.2,24,23.4,3/26/2009,19:00:00
57,47,35,7.65,1.23,11.45,4.56,7.48,0.99,11.07,5.32,7.54,0.83,10.67,5.32,244,6,257,0,22.9,0,23.4,22.8,3/26/2009,19:10:00
57,47,35,7.86,1.08,10.67,4.56,7.54,1.13,10.67,4.17,7.21,0.99,10.29,4.56,247,7,255,0,22.5,0.2,22.8,22.2,3/26/2009,19:20:00
57,47,35,8.8,0.83,11.45,6.09,8.23,0.77,10.67,5.71,7.63,0.64,9.54,6.09,254,6,251,0,21.9,0,22.2,21.9,3/26/2009,19:30:00
57,47,35,9.62,0.8,11.82,7.61,9.03,0.83,11.45,6.85,8.16,0.91,11.45,6.09,259,6,257,0,21.6,0,21.9,21.6,3/26/2009,19:40:00
57,47,35,9.6,0.7,11.45,7.61,8.82,0.7,10.67,6.85,7.99,0.77,10.67,6.09,256,5,250,0,21.4,0,21.6,21.3,3/26/2009,19:50:00
57,47,35,8.89,0.52,10.67,7.61,8.23,0.47,9.54,7.24,7.63,0.45,9.15,6.47,252,4,254,0,21.2,0,21.6,21.3,3/26/2009,20:00:00
57,47,35,8.99,0.59,10.29,7.24,8.29,0.54,9.54,6.85,7.8,0.54,9.54,6.47,250,5,247,0,21.2,0,21.3,21,3/26/2009,20:10:00
57,47,35,8.96,0.5,10.29,7.61,8.22,0.47,9.54,6.85,7.76,0.5,9.54,6.47,251,4,257,0,20.9,0.3,21.3,20.1,3/26/2009,20:20:00
57,47,35,8.91,0.38,9.92,7.61,8.15,0.35,9.15,7.24,7.62,0.4,8.37,6.47,252,4,247,0,20.8,0.2,21.3,20.1,3/26/2009,20:30:00
57,47,35,8.2,0.4,9.15,7.24,7.6,0.4,8.77,6.47,7.07,0.52,8.37,5.32,251,5,254,0,19.1,0.6,20.4,18.4,3/26/2009,20:40:00
57,47,35,7.37,0.56,8.77,5.71,6.79,0.73,8.77,4.56,6.16,0.91,8.37,3.41,248,8,254,0,18.7,0,19,18.4,3/26/2009,20:50:00
57,47,35,5.62,0.91,7.99,3.41,4.87,0.95,7.61,2.65,4.3,0.73,7.24,2.65,240,11,257,0,19,0,19.3,19,3/26/2009,21:00:00
57,47,35,5.48,0.54,7.24,4.17,4.74,0.67,6.47,3.03,4.08,0.59,6.09,2.65,242,10,251,0,18.8,0,19,18.7,3/26/2009,21:10:00
57,47,35,5.32,0.56,6.47,3.8,4.65,0.64,6.47,3.03,3.88,0.54,5.71,2.65,243,10,246,0,18.9,0,19.3,18.7,3/26/2009,21:20:00
57,47,35,3.89,0.67,5.71,2.26,3.46,0.54,5.32,1.88,3.29,0.45,4.56,2.26,233,10,248,0,18.7,0.1,19,17.9,3/26/2009,21:30:00
57,47,35,3.62,0.56,5.32,2.26,3.13,0.54,4.56,1.88,3.1,0.5,4.17,1.12,231,9,227,0,18.1,0.1,18.4,17.9,3/26/2009,21:40:00
57,47,35,3.79,0.62,5.32,2.26,3.14,0.45,4.56,1.88,2.94,0.38,3.8,1.88,234,8,257,0,18.5,0,18.7,18.4,3/26/2009,21:50:00
57,47,35,2.74,0.62,4.56,0.73,3.12,0.52,4.17,1.5,3.58,0.38,4.56,2.26,214,5,220,0,18.2,0.2,18.7,17.9,3/26/2009,22:00:00
57,47,35,2.28,0.91,4.17,0.35,2.79,0.8,4.56,1.12,3.51,0.59,4.94,1.88,209,9,199,0,17.9,0,18.4,17.9,3/26/2009,22:10:00
57,47,35,4.08,0.38,5.32,3.03,4.16,0.34,4.94,3.41,4.37,0.37,5.32,3.41,186,5,186,0,17.9,0,18.4,17.9,3/26/2009,22:20:00
57,47,35,3.83,0.42,4.56,2.65,3.76,0.4,4.94,2.65,3.95,0.35,5.32,3.03,192,5,184,0,18.4,0,18.7,17.9,3/26/2009,22:30:00
57,47,35,3.98,0.44,5.32,2.65,4.04,0.42,5.32,3.03,4.3,0.4,5.32,3.41,187,4,183,0,18.7,0,19,18.4,3/26/2009,22:40:00
57,47,35,4.6,0.35,5.32,3.41,4.59,0.35,5.32,3.8,4.71,0.4,5.71,3.8,183,3,185,0,18.4,0,18.7,18.1,3/26/2009,22:50:00
57,47,35,5.23,0.35,6.09,4.17,5.32,0.32,6.09,4.17,5.44,0.26,6.09,4.94,186,3,188,0,18.6,0,19,18.4,3/26/2009,23:00:00
57,47,35,5.01,0.42,6.47,3.8,4.96,0.38,5.71,3.8,5.14,0.38,6.09,3.8,191,5,207,0,18.5,0,18.7,18.1,3/26/2009,23:10:00
57,47,35,5.32,0.42,6.47,4.17,5.22,0.38,6.47,4.17,5.44,0.38,6.47,4.17,189,5,189,0,18.7,0.3,19.3,18.1,3/26/2009,23:20:00
57,47,35,6.02,0.52,7.24,4.94,6.03,0.44,6.85,4.94,5.93,0.34,6.85,5.32,184,4,173,0,19.3,0,19.6,19,3/26/2009,23:30:00
57,47,35,6.33,0.56,8.37,4.56,6.24,0.56,7.61,4.56,6.04,0.54,7.61,4.56,182,4,180,0,19,0,19.3,19,3/26/2009,23:40:00
57,47,35,6.59,0.5,7.99,4.94,6.67,0.4,7.99,5.71,6.69,0.38,7.61,5.32,190,4,183,0,18.8,0,19,18.7,3/26/2009,23:50:00
57,47,35,6.24,0.45,7.24,4.94,6.26,0.45,7.24,4.94,6.44,0.42,7.61,4.94,192,4,201,0,19.2,0.1,19.6,19,3/27/2009,0:00:00
57,47,35,6.58,0.44,7.99,5.32,6.33,0.45,7.61,4.94,6.11,0.47,7.24,4.94,200,5,202,0,20.3,0.2,20.7,19.6,3/27/2009,0:10:00
57,47,35,7.06,0.59,8.37,5.32,7.01,0.56,8.77,5.32,6.95,0.56,8.37,5.32,193,5,188,0,20.4,0,20.7,20.1,3/27/2009,0:20:00
57,47,35,7.76,0.91,10.67,5.32,7.69,0.91,11.07,4.94,7.53,1.04,9.92,4.94,194,8,194,0,20.5,0.3,21.3,20.1,3/27/2009,0:30:00
57,47,35,7.85,0.83,9.92,5.32,7.7,0.77,9.54,6.09,7.46,0.64,9.54,6.09,189,6,183,0,20.8,0,21.3,20.4,3/27/2009,0:40:00
57,47,35,8,1.29,11.45,3.41,8.05,1.04,10.29,5.32,7.84,0.87,10.29,5.71,205,7,202,0,20.9,0.1,21.3,20.7,3/27/2009,0:50:00
57,47,35,8.84,1.29,11.45,5.32,8.55,1.13,10.67,5.32,7.67,0.99,9.92,4.94,202,7,204,0,20.7,0,21.3,20.4,3/27/2009,1:00:00
57,47,35,8.38,1.13,10.67,5.32,8.4,1.13,10.67,5.71,7.79,0.95,9.92,5.32,207,7,198,0,20.5,0,20.7,20.1,3/27/2009,1:10:00
57,47,35,8.29,0.77,11.07,6.09,7.88,0.7,9.92,6.47,7.43,0.64,8.77,5.71,196,6,218,0,20.4,0,20.7,20.1,3/27/2009,1:20:00
57,47,35,9.53,1.08,11.82,6.85,9.27,0.95,11.07,6.47,8.62,0.8,10.29,6.47,195,5,200,0,20.5,0.2,21,20.1,3/27/2009,1:30:00
57,47,35,10.25,1.29,14.52,7.24,9.84,1.18,14.14,6.85,9.22,1.08,13.34,6.09,197,7,205,0,20,0,20.1,19.6,3/27/2009,1:40:00
57,47,35,11.97,1.04,15.63,9.15,11.13,1.08,15.63,8.37,10.07,1.13,14.14,7.24,203,7,190,0,19.6,0,19.8,19.6,3/27/2009,1:50:00
57,47,35,11.73,1.13,14.52,9.15,11.24,1.13,13.73,7.61,10.53,1.04,12.96,7.61,194,6,191,0,19.5,0,19.8,19.3,3/27/2009,2:00:00
57,47,35,11.64,1.08,14.14,7.99,10.88,1.08,13.73,7.99,9.89,1.04,13.34,7.24,200,6,191,0,19.8,0.1,20.1,19.6,3/27/2009,2:10:00
57,47,35,11.89,0.87,14.52,8.77,11.04,0.95,13.73,7.99,9.93,1.04,12.2,7.24,202,6,206,0,20.1,0,20.1,19.8,3/27/2009,2:20:00
57,47,35,11.85,0.91,15.63,9.92,11.04,0.99,14.52,8.77,9.87,0.99,12.59,7.24,203,7,196,0,20,0,20.1,19.8,3/27/2009,2:30:00
57,47,35,11.17,0.95,13.73,8.77,10.75,0.83,12.96,8.37,9.99,0.91,12.96,7.61,209,7,207,0,19.8,0,20.1,19.6,3/27/2009,2:40:00
57,47,35,9.02,1.82,12.96,4.17,9.12,1.6,12.2,4.56,9.05,1.18,11.82,5.71,221,9,232,0,19.7,0,19.8,19.6,3/27/2009,2:50:00
57,47,35,8.23,1.6,11.82,4.56,8.43,1.6,12.2,4.56,8.75,1.47,11.82,4.56,233,8,229,0,19.3,0,19.6,19.3,3/27/2009,3:00:00
57,47,35,7.37,1.08,10.67,4.56,7.25,1.08,10.29,4.94,7.29,1.13,10.67,4.94,243,8,241,0,18.9,0,19.3,18.4,3/27/2009,3:10:00
57,47,35,9.32,1.9,14.87,5.32,8.89,1.82,13.34,5.32,8.37,1.6,12.59,5.71,252,9,262,0,18.4,0,18.7,18.1,3/27/2009,3:20:00
57,47,35,6.72,1.08,9.54,4.17,6.96,0.95,9.54,4.17,6.61,1.04,8.77,3.8,271,9,255,0,18,0.2,18.7,17.9,3/27/2009,3:30:00
57,47,35,5.12,0.87,7.61,3.41,5.59,0.77,7.61,3.8,5.3,0.73,7.24,3.8,279,5,272,0,17.4,0.2,17.9,16.7,3/27/2009,3:40:00
57,47,35,4.85,0.73,6.85,3.03,5.1,0.83,6.85,3.41,4.86,0.73,6.85,3.41,271,7,278,0,16.6,0,16.7,16.2,3/27/2009,3:50:00
57,47,35,6.04,2.16,11.07,3.41,6.19,2.07,11.45,3.41,5.7,1.9,10.67,3.03,275,9,290,0,15.8,0.2,16.2,15.3,3/27/2009,4:00:00
57,47,35,9.06,1.34,11.82,5.32,8.97,1.29,11.45,4.94,8.34,1.29,11.45,4.17,291,8,282,0,14.3,0.6,15.3,13.2,3/27/2009,4:10:00
57,47,35,7.3,1.34,11.07,4.56,7.31,1.23,9.92,4.56,6.7,1.18,9.92,3.41,285,7,294,0,12.6,0.2,13.4,12.1,3/27/2009,4:20:00
57,47,35,7.57,0.95,10.29,4.94,7.25,0.95,9.15,4.56,6.23,0.91,8.77,3.8,285,7,279,0,11.8,0,12.1,11.6,3/27/2009,4:30:00
57,47,35,6.43,0.95,9.54,4.17,6.08,0.99,8.37,3.41,5.49,1.08,7.99,3.03,308,13,300,0,11.6,0,11.8,11.3,3/27/2009,4:40:00
57,47,35,6.5,0.8,8.77,4.94,5.93,0.83,8.77,4.17,5.52,0.91,7.99,3.8,336,9,339,0,12.2,0.2,12.6,11.8,3/27/2009,4:50:00
57,47,35,7.89,0.87,10.29,5.71,7.42,0.91,9.92,5.32,7.23,1.04,9.54,4.17,2,19,7,0,13.1,0.2,13.4,12.4,3/27/2009,5:00:00
57,47,35,8.63,1.23,12.2,6.09,8.17,1.23,11.45,5.32,7.83,1.29,11.82,4.56,14,13,6,0,13.3,0,13.7,13.2,3/27/2009,5:10:00
57,47,35,9.53,0.91,11.82,6.85,9.06,0.95,11.07,6.47,8.84,1.08,11.07,5.32,11,6,12,0,13.2,0,13.4,13.2,3/27/2009,5:20:00
57,47,35,7.45,1.23,9.54,4.56,7.16,1.18,9.54,4.56,6.97,1.18,9.54,3.8,359,11,0,0,13.2,0,13.4,13.2,3/27/2009,5:30:00
57,47,35,9.55,0.8,11.45,7.24,9.34,0.83,11.45,7.24,9.18,0.99,11.07,5.71,338,7,345,0,12.8,0.2,13.4,12.4,3/27/2009,5:40:00
57,47,35,9.76,0.8,11.45,7.24,9.52,0.8,11.07,7.24,9.43,0.83,11.45,7.24,345,6,347,0,12.4,0,12.4,12.1,3/27/2009,5:50:00
57,47,35,8.3,0.87,10.67,6.09,8.07,0.83,9.92,5.71,7.86,0.87,9.92,4.94,349,10,349,0,12.2,0,12.4,11.8,3/27/2009,6:00:00
57,47,35,7.71,0.95,10.29,5.71,7.59,0.95,9.54,5.71,7.35,1.08,9.92,4.94,342,8,342,0,12,0,12.1,11.8,3/27/2009,6:10:00
57,47,35,8.27,1.18,10.67,5.71,8.14,1.23,10.67,4.94,7.87,1.34,11.07,4.94,329,9,340,0,12,0,12.1,11.8,3/27/2009,6:20:00
57,47,35,8.34,1.13,10.67,5.32,8.14,1.08,11.07,5.32,7.88,1.18,10.67,4.94,328,9,333,0,11.8,0,11.8,11.3,3/27/2009,6:30:00
57,47,35,12.51,1.67,16.05,7.24,12.56,1.74,15.63,7.61,11.93,1.9,15.27,7.61,295,8,297,0,9,1.3,11.6,7.4,3/27/2009,6:40:00
57,47,35,12.11,1.67,15.63,8.77,12.11,1.67,15.63,7.99,11.45,1.74,15.27,7.99,303,9,304,0,7,0.2,7.7,6.4,3/27/2009,6:50:00
57,47,35,11.64,1.34,15.27,8.37,11.6,1.47,15.63,8.37,11.23,1.67,14.87,7.24,306,10,301,0,6.5,0,6.9,6.1,3/27/2009,7:00:00
57,47,35,13.71,1.82,17.2,8.37,13.74,1.74,17.57,8.37,13.25,1.74,17.2,9.54,315,8,294,0,5.9,0,6.4,5.6,3/27/2009,7:10:00
57,47,35,14.65,1.53,17.94,10.29,14.42,1.6,18.33,9.54,13.95,1.6,18.33,8.37,311,9,317,0,5.6,0,5.9,5.4,3/27/2009,7:20:00
57,47,35,14.49,1.82,18.72,9.15,14.39,1.82,17.94,9.15,13.82,1.98,17.2,7.24,314,8,323,0,5.3,0,5.6,5.2,3/27/2009,7:30:00
57,47,35,11.9,2.07,17.2,6.47,11.65,2.16,17.2,6.09,10.96,2.16,15.63,5.32,324,9,328,0,5.1,0.1,5.4,4.9,3/27/2009,7:40:00
57,47,35,12.77,2.07,17.94,7.99,12.67,2.07,18.33,7.61,12.12,1.9,17.2,7.61,323,9,326,0,4.8,0,5.2,4.7,3/27/2009,7:50:00
57,47,35,13.38,1.98,18.33,7.24,13.24,1.98,18.33,5.71,12.79,1.98,17.94,5.32,316,11,339,0,4.7,0,4.9,4.4,3/27/2009,8:00:00
57,47,35,14.36,1.9,18.33,8.77,14.02,1.9,17.94,8.77,13.42,1.98,17.94,7.61,319,9,318,0,4.3,0,4.7,4.2,3/27/2009,8:10:00
57,47,35,12.3,2.26,17.94,6.09,12.02,2.36,17.94,5.71,11.44,2.46,17.2,4.94,322,9,321,0,4.1,0,4.4,3.9,3/27/2009,8:20:00
57,47,35,12.24,1.34,14.87,7.61,11.98,1.34,14.87,8.37,11.53,1.4,14.87,7.61,334,14,331,0,4,0,4.4,4.2,3/27/2009,8:30:00
57,47,35,11.99,1.74,16.05,7.61,11.84,1.74,15.63,7.99,11.58,1.74,16.05,7.24,330,9,337,0,4,0,4.2,3.9,3/27/2009,8:40:00
57,47,35,11.79,1.53,15.63,8.37,11.7,1.6,15.63,7.99,11.41,1.67,16.4,7.24,325,9,326,0,4.1,0,4.4,4.2,3/27/2009,8:50:00
57,47,35,11.58,1.29,14.52,7.99,11.42,1.4,14.52,7.61,11.08,1.6,15.27,6.09,327,8,328,0,4.1,0,4.4,3.9,3/27/2009,9:00:00
57,47,35,12.38,1.34,16.79,9.54,12.16,1.34,16.05,8.37,11.77,1.4,15.27,7.24,322,7,326,0,3.9,0.1,4.2,3.7,3/27/2009,9:10:00
57,47,35,13.33,2.07,17.94,7.99,13.18,2.07,17.2,7.61,12.69,2.16,17.94,7.61,326,9,326,0,3.7,0,4.2,3.4,3/27/2009,9:20:00
57,47,35,12.39,1.47,16.05,7.99,12.33,1.53,16.05,8.37,12.1,1.4,15.63,8.37,323,9,324,0,3.6,0,3.7,3.4,3/27/2009,9:30:00
57,47,35,13.11,1.6,16.79,9.15,13.12,1.67,16.79,9.15,12.76,1.82,16.4,8.77,313,9,309,0,3.2,0,3.4,2.9,3/27/2009,9:40:00
57,47,35,14.76,1.82,18.33,9.92,14.68,1.74,18.33,10.29,14.17,1.82,17.94,8.37,323,8,302,0,2.6,0.3,3.2,2.2,3/27/2009,9:50:00
57,47,35,14.17,1.9,18.33,9.92,13.93,1.82,17.94,9.54,13.56,1.9,17.57,8.77,323,9,324,0,2.3,0.1,2.5,2,3/27/2009,10:00:00
57,47,35,14.67,1.47,17.57,9.15,14.47,1.67,17.94,8.77,14.05,1.82,19.07,8.37,319,7,316,0,2,0,2.2,1.7,3/27/2009,10:10:00
57,47,35,14.93,1.23,17.57,11.45,14.76,1.23,17.2,11.07,14.48,1.47,17.2,9.15,320,6,333,0,1.7,0.1,2,1.5,3/27/2009,10:20:00
57,47,35,14.34,1.74,17.94,9.92,14.12,1.82,18.33,9.15,13.74,2.07,18.33,8.37,327,8,337,0,1.5,0,1.5,1.3,3/27/2009,10:30:00
57,47,35,13.92,2.57,18.72,7.24,13.63,2.69,19.07,7.61,13.11,2.93,18.72,6.47,329,9,324,0,1.3,0.2,2,1,3/27/2009,10:40:00
57,47,35,12.64,1.53,16.05,8.37,12.5,1.67,16.4,7.99,12.2,1.9,16.4,7.61,323,9,317,0,1.6,0.2,2,1.3,3/27/2009,10:50:00
57,47,35,12.18,1.82,16.79,8.37,12.04,1.82,17.57,8.37,11.51,2.07,16.79,6.09,330,10,334,0,1.2,0.1,1.5,1,3/27/2009,11:00:00
57,47,35,10.16,1.29,12.96,6.47,9.94,1.23,12.96,6.09,9.54,1.34,12.96,5.71,331,9,323,0,1.6,0,2,1.5,3/27/2009,11:10:00
57,47,35,11.69,1.53,14.87,7.61,11.51,1.6,15.27,7.61,10.96,1.82,14.87,7.24,325,8,325,0,1.6,0,2,1.3,3/27/2009,11:20:00
57,47,35,10.34,1.47,13.34,6.47,10.15,1.53,13.73,6.47,9.68,1.6,13.34,6.09,336,10,344,0,1.9,0.1,2.2,1.5,3/27/2009,11:30:00
57,47,35,9.93,1.53,14.52,4.94,9.67,1.6,14.52,5.32,9.36,1.9,13.73,4.17,330,11,336,0,2.8,0.5,3.7,2.2,3/27/2009,11:40:00
57,47,35,11.16,1.6,14.52,7.24,11.06,1.47,14.87,7.24,10.92,1.6,14.87,5.71,328,12,327,0,3.6,0,3.7,3.2,3/27/2009,11:50:00
57,47,35,10.67,1.9,15.27,6.09,10.52,1.9,14.87,5.71,10.24,2.07,15.27,4.94,325,10,328,0,4.5,0.5,5.4,3.7,3/27/2009,12:00:00
57,47,35,10.8,1.34,14.14,7.24,10.6,1.4,14.14,6.09,10.33,1.67,14.14,5.32,333,8,322,0,5,0.1,5.4,4.9,3/27/2009,12:10:00
57,47,35,9.82,1.13,13.34,6.09,9.64,1.23,12.59,5.71,9.28,1.4,12.96,5.32,320,11,315,0,5.4,0.4,5.9,4.9,3/27/2009,12:20:00
57,47,35,10.13,1.4,14.52,6.85,9.91,1.4,14.14,6.09,9.68,1.67,13.34,5.32,322,11,306,0,6.2,0.4,7.2,5.6,3/27/2009,12:30:00
57,47,35,10.2,1.6,14.52,6.09,9.95,1.6,14.14,6.09,9.74,1.67,14.52,5.32,329,9,315,0,6.1,0.2,6.4,5.9,3/27/2009,12:40:00
57,47,35,8.92,1.23,11.82,4.56,8.9,1.23,11.82,4.56,8.66,1.29,11.45,4.94,318,15,321,0,6.5,0.3,7.2,5.9,3/27/2009,12:50:00
57,47,35,10.48,1.67,14.14,6.09,10.39,1.74,14.14,5.32,10.03,1.74,13.73,4.94,312,13,284,0,7,0,7.2,6.9,3/27/2009,13:00:00
57,47,35,10.42,1.82,16.05,6.47,10.27,1.74,15.63,6.47,10.06,1.74,15.27,5.71,315,12,317,0,6.8,0.2,7.4,6.4,3/27/2009,13:10:00
57,47,35,11.6,1.34,14.87,7.24,11.52,1.34,14.87,7.99,11.03,1.47,14.52,6.47,310,12,317,0,7.2,0.1,7.7,7.2,3/27/2009,13:20:00
57,47,35,11.49,1.9,15.27,6.85,11.54,1.9,15.27,6.47,11.18,2.16,16.05,6.09,316,15,315,0,7.2,0.2,7.7,6.9,3/27/2009,13:30:00
57,47,35,12.03,2.26,17.57,6.85,11.92,2.16,17.94,7.99,11.67,2.26,17.94,7.61,308,10,308,0,7.1,0,7.4,6.9,3/27/2009,13:40:00
57,47,35,11.17,2.16,16.79,6.85,11.11,2.16,17.94,6.09,10.68,2.26,17.94,5.32,308,13,315,0,7.2,0.4,7.9,6.4,3/27/2009,13:50:00
57,47,35,11.33,1.47,16.4,7.24,11.27,1.53,16.4,7.24,10.78,1.82,17.2,6.47,306,12,329,0,7.5,0.4,8.2,6.9,3/27/2009,14:00:00
57,47,35,12.85,2.07,17.57,7.24,12.85,1.98,17.94,7.61,12.45,2.16,18.33,7.99,298,10,297,0,7.1,0.3,7.9,6.4,3/27/2009,14:10:00
57,47,35,14.14,1.67,17.94,9.15,14.12,1.74,18.33,8.77,13.71,1.98,18.33,8.37,304,8,301,0,6.6,0.3,7.4,6.1,3/27/2009,14:20:00
57,47,35,12.47,1.98,18.33,7.61,12.3,2.07,18.33,7.24,11.28,2.26,17.57,6.09,300,15,311,0,7.1,0.3,7.9,6.4,3/27/2009,14:30:00
57,47,35,12.19,2.36,17.94,7.61,12.1,2.26,18.33,7.99,11.25,2.36,17.2,6.85,303,14,317,0,7.5,0.2,8.2,7.2,3/27/2009,14:40:00
57,47,35,12.27,1.98,17.2,7.61,12.13,2.07,17.57,6.85,11.6,2.16,17.57,6.85,300,11,312,0,8,0.2,8.4,7.4,3/27/2009,14:50:00
57,47,35,12.5,1.82,16.4,8.37,12.44,1.98,16.79,7.99,12.03,2.16,17.2,6.85,309,11,300,0,7,0.2,7.7,6.7,3/27/2009,15:00:00
57,47,35,12.28,1.98,17.2,7.61,12.23,1.98,17.2,7.61,11.75,1.98,16.79,7.99,310,9,310,0,7.5,0.2,8.2,7.2,3/27/2009,15:10:00
57,47,35,13.51,1.74,18.33,8.37,13.43,1.74,18.72,8.77,13.05,1.67,18.33,7.99,312,9,305,0,7.1,0.5,7.9,6.4,3/27/2009,15:20:00
57,47,35,13.87,2.26,19.48,9.15,13.8,2.36,19.85,8.37,13.1,2.46,18.72,7.61,303,13,300,0,7.2,0.2,7.7,6.9,3/27/2009,15:30:00
57,47,35,13.24,2.07,18.33,8.77,13.04,2.16,17.94,8.37,12.1,2.26,17.57,7.99,298,12,301,0,7.3,0,7.9,7.2,3/27/2009,15:40:00
57,47,35,13.59,1.82,17.2,8.37,13.62,1.82,17.57,7.61,13.24,1.9,17.57,6.85,312,10,306,0,6.9,0,7.4,6.7,3/27/2009,15:50:00
57,47,35,13.19,2.07,17.57,8.37,13.05,2.16,17.2,8.37,12.49,2.16,16.79,7.24,311,11,323,0,6.6,0,6.9,6.1,3/27/2009,16:00:00
57,47,35,12.89,1.74,17.57,7.61,12.87,1.82,17.57,7.99,12.5,1.9,17.2,6.85,304,10,301,0,6.5,0,6.9,6.1,3/27/2009,16:10:00
57,47,35,12.94,2.16,19.48,7.61,12.83,2.07,19.07,7.24,12.2,2.16,18.33,7.61,299,11,326,0,6.6,0.1,7.2,6.1,3/27/2009,16:20:00
57,47,35,12.71,1.74,16.79,8.37,12.55,1.74,16.79,8.37,12.05,1.67,16.4,7.24,308,9,319,0,5.9,0,6.1,5.6,3/27/2009,16:30:00
57,47,35,12.91,1.98,18.72,7.61,13.03,1.82,19.07,7.99,12.31,1.9,16.4,7.24,297,10,317,0,6,0,6.1,5.9,3/27/2009,16:40:00
57,47,35,13.38,1.9,18.33,8.37,13.31,1.9,18.33,8.37,12.64,1.98,18.33,7.61,303,10,281,0,6,0,6.1,5.9,3/27/2009,16:50:00
57,47,35,14.52,1.47,19.07,11.07,14.43,1.67,18.72,10.29,13.73,1.82,17.94,8.77,306,11,298,0,5.4,0.2,5.9,4.9,3/27/2009,17:00:00
57,47,35,14.52,1.67,17.57,9.92,14.47,1.74,18.33,9.92,14.05,1.82,17.57,9.54,309,7,313,0,5.1,0.1,5.4,4.9,3/27/2009,17:10:00
57,47,35,13.21,1.9,19.07,9.15,13.11,1.98,19.07,8.77,12.63,2.26,18.72,7.61,314,9,316,0,4.8,0,5.2,4.7,3/27/2009,17:20:00
57,47,35,12.38,1.82,16.79,7.99,12.2,1.67,16.4,7.99,11.54,1.74,16.05,7.61,309,11,285,0,4.8,0,5.2,4.7,3/27/2009,17:30:00
57,47,35,12.73,2.07,17.57,7.61,12.59,2.16,17.57,7.61,12.01,2.46,17.57,6.85,314,11,312,0,4.5,0.1,4.9,4.2,3/27/2009,17:40:00
57,47,35,14.53,1.9,19.07,9.92,14.35,1.9,19.07,9.15,13.79,1.98,19.48,7.61,310,9,311,0,4,0.1,4.4,3.7,3/27/2009,17:50:00
57,47,35,14.55,1.67,20.22,10.67,14.41,1.6,20.22,10.67,13.93,1.53,18.33,9.92,308,8,323,0,3.7,0,3.9,3.4,3/27/2009,18:00:00
57,47,35,15.06,1.82,18.72,8.77,15.02,1.82,19.07,9.54,14.51,1.98,17.94,7.61,314,9,316,0,3.4,0.2,3.7,2.9,3/27/2009,18:10:00
57,47,35,14.01,1.98,19.07,9.54,13.74,1.98,17.57,9.15,13.11,1.9,17.2,7.99,313,10,306,0,3.2,0,3.4,2.9,3/27/2009,18:20:00
57,47,35,13.79,1.98,18.72,9.15,13.58,1.98,18.72,7.24,12.77,2.07,18.33,6.47,306,10,301,0,3,0,3.2,2.9,3/27/2009,18:30:00
57,47,35,13.63,1.47,17.94,10.29,13.46,1.53,17.57,9.54,12.87,1.6,17.57,8.37,312,8,315,0,2.6,0.1,3.2,2.2,3/27/2009,18:40:00
57,47,35,12.67,1.74,16.79,9.15,12.4,1.9,16.4,8.37,11.89,2.16,16.4,6.47,315,8,314,0,2.2,0,2.5,2,3/27/2009,18:50:00
57,47,35,13.4,1.67,17.57,9.15,13.34,1.74,17.57,9.15,12.9,1.82,17.94,9.15,309,8,319,0,2,0,2.2,2,3/27/2009,19:00:00
57,47,35,12.93,1.67,17.94,9.15,12.82,1.53,16.79,9.15,12.12,1.53,15.63,8.37,309,9,301,0,1.8,0,2,1.5,3/27/2009,19:10:00
57,47,35,12.63,1.6,16.79,8.77,12.47,1.67,16.4,8.37,11.96,1.74,16.4,7.99,309,8,312,0,1.7,0,2,1.5,3/27/2009,19:20:00
57,47,35,13.82,1.47,17.2,8.77,13.7,1.53,17.2,7.99,13.17,1.6,16.4,7.24,305,8,308,0,1.7,0,2,1.5,3/27/2009,19:30:00
57,47,35,12.88,1.67,16.4,8.77,12.7,1.6,16.4,8.37,12.3,1.74,15.63,7.24,310,7,317,0,1.6,0,1.7,1.3,3/27/2009,19:40:00
57,47,35,13.81,1.6,17.57,9.54,13.74,1.6,17.94,9.15,13.26,1.82,17.57,7.61,315,7,321,0,1.2,0.1,1.5,1,3/27/2009,19:50:00
57,47,35,12.77,2.16,17.57,8.37,12.66,2.16,17.57,7.61,12.11,2.16,17.2,7.61,308,8,305,0,0.7,0.1,1,0.6,3/27/2009,20:00:00
57,47,35,13.3,1.82,17.2,8.37,13.21,1.82,17.57,8.37,12.78,1.98,16.79,7.61,316,7,320,0,0.5,0,0.6,0.6,3/27/2009,20:10:00
57,47,35,13.93,2.16,19.07,9.15,13.72,2.16,18.72,9.15,13.25,2.26,19.07,8.37,313,8,312,0,0.3,0.2,0.6,0.1,3/27/2009,20:20:00
57,47,35,14.35,1.9,19.07,9.92,14.25,1.9,19.07,9.92,13.67,2.07,18.33,8.37,308,9,329,0,0,0,0.1,-0.1,3/27/2009,20:30:00
57,47,35,13.93,2.07,19.07,9.15,13.85,2.16,19.07,9.15,13.24,2.16,19.48,7.24,307,8,302,0,-0.2,0,0.1,-0.4,3/27/2009,20:40:00
57,47,35,13.63,1.6,18.33,9.15,13.51,1.53,17.94,9.15,13.13,1.74,18.33,9.15,310,8,310,0,-0.3,0,-0.1,-0.4,3/27/2009,20:50:00
57,47,35,14.14,1.4,18.72,11.07,14.05,1.53,19.48,9.92,13.62,1.67,18.33,9.54,305,9,307,0,-0.4,0,-0.1,-0.6,3/27/2009,21:00:00
57,47,35,15.33,1.74,18.72,11.45,15.17,1.74,18.72,11.07,14.35,1.9,18.33,9.15,300,7,297,0,-0.3,0,-0.1,-0.4,3/27/2009,21:10:00
57,47,35,13.64,1.34,16.79,9.92,13.57,1.4,17.2,9.15,12.89,1.47,17.2,9.15,302,9,301,0,-0.3,0,0.1,-0.4,3/27/2009,21:20:00
57,47,35,14.05,1.74,18.33,9.54,13.96,1.82,18.33,8.77,13.49,2.16,18.72,6.85,306,8,314,0,-0.1,0,0.1,-0.4,3/27/2009,21:30:00
57,47,35,15.19,2.69,20.99,9.54,15.03,2.69,21.39,9.15,14.56,2.69,21.79,9.15,306,8,315,0,0,0,0.1,0.1,3/27/2009,21:40:00
57,47,35,15.22,1.6,17.94,11.07,15.1,1.67,18.72,11.45,14.52,1.9,19.07,9.54,308,7,319,0,0,0,0.1,-0.1,3/27/2009,21:50:00
57,47,35,15.37,1.98,21.79,11.07,15.03,1.98,20.99,10.67,14.28,2.07,20.99,9.92,315,9,315,0,-0.3,0,0.1,-0.4,3/27/2009,22:00:00
57,47,35,12.67,2.07,17.94,7.99,12.52,2.16,17.94,7.61,12.2,2.07,16.79,6.47,314,8,297,0,-0.5,0,-0.1,-0.6,3/27/2009,22:10:00
57,47,35,12.79,1.53,16.05,8.77,12.53,1.53,16.4,7.99,11.99,1.6,16.05,7.99,310,8,309,0,-0.6,0,-0.6,-0.6,3/27/2009,22:20:00
57,47,35,10.91,1.34,13.73,6.47,10.78,1.23,14.14,7.24,10.26,1.34,13.73,6.09,303,8,306,0,-0.6,0,-0.6,-0.6,3/27/2009,22:30:00
57,47,35,11.45,1.13,15.27,9.15,11.33,1.23,14.52,7.99,10.78,1.47,14.14,6.09,301,7,299,0,-0.6,0,-0.6,-0.6,3/27/2009,22:40:00
57,47,35,10.75,1.4,14.52,6.47,10.67,1.4,13.73,7.24,10.43,1.47,14.14,6.85,303,8,300,0,-0.6,0,-0.6,-0.6,3/27/2009,22:50:00
57,47,35,10.63,1.08,14.52,8.37,10.48,1.13,14.14,7.99,9.92,1.23,13.73,7.24,303,8,306,0,-0.6,0,-0.6,-0.6,3/27/2009,23:00:00
57,47,35,9.98,1.08,12.96,7.61,9.75,1.18,12.59,6.85,9.29,1.29,12.59,5.71,300,9,308,0,-0.6,0,-0.6,-0.6,3/27/2009,23:10:00
57,47,35,9.77,1.18,12.96,6.85,9.52,1.18,12.2,5.32,9.05,1.04,11.82,6.47,299,7,293,0,-0.6,0,-0.4,-0.6,3/27/2009,23:20:00
57,47,35,9.85,1.4,12.96,6.09,9.63,1.4,13.34,5.71,9.04,1.4,12.59,4.94,294,8,293,0,-0.5,0,-0.4,-0.6,3/27/2009,23:30:00
57,47,35,9.58,1.08,12.59,6.09,9.5,1.08,12.59,6.85,8.79,1.13,12.2,6.09,292,7,286,0,-0.4,0,-0.4,-0.6,3/27/2009,23:40:00
57,47,35,8.62,1.23,11.82,5.71,8.38,1.18,11.82,5.71,7.73,1.18,11.07,4.56,292,8,291,0,-0.5,0,-0.4,-0.6,3/27/2009,23:50:00
57,47,35,8.81,0.91,10.67,6.47,8.6,0.95,10.29,6.09,7.77,0.99,10.29,5.32,287,6,282,0,-0.5,0,-0.4,-0.6,3/28/2009,0:00:00
57,47,35,8.59,1.13,11.82,5.71,8.39,1.04,11.45,5.71,7.38,0.95,10.67,4.94,284,7,294,0,-0.6,0,-0.4,-0.6,3/28/2009,0:10:00
57,47,35,7.45,1.13,10.67,4.56,7.56,1.04,10.67,4.94,6.85,0.95,9.54,4.56,279,7,286,0,-0.7,0,-0.6,-0.8,3/28/2009,0:20:00
57,47,35,8.08,1.23,11.82,5.32,8.31,1.18,11.82,5.71,7.66,1.13,11.07,4.94,278,6,283,0,-0.6,0,-0.6,-0.6,3/28/2009,0:30:00
57,47,35,9.33,1.53,13.73,5.71,9.41,1.47,13.34,6.09,8.41,1.29,11.82,4.94,283,8,289,0,-0.6,0,-0.6,-0.6,3/28/2009,0:40:00
57,47,35,9.69,1.29,12.59,6.09,9.58,1.23,12.59,6.47,8.65,1.34,11.82,5.71,288,8,287,0,-0.5,0,-0.4,-0.6,3/28/2009,0:50:00
57,47,35,11.05,1.34,14.52,6.85,10.81,1.4,14.14,7.61,9.96,1.53,13.73,6.09,295,8,290,0,-0.2,0,0.1,-0.4,3/28/2009,1:00:00
57,47,35,10.15,1.08,13.34,7.24,9.95,1.18,13.73,6.85,9.38,1.34,13.73,6.09,297,8,292,0,0,0,0.1,-0.1,3/28/2009,1:10:00
57,47,35,8.82,1.18,11.45,5.71,8.59,1.18,11.82,5.32,7.83,1.29,11.07,4.94,294,8,294,0,-0.1,0,0.1,-0.4,3/28/2009,1:20:00
57,47,35,9.16,0.87,11.45,6.47,8.99,0.91,11.45,5.71,8.21,0.99,10.67,5.71,290,8,286,0,-0.2,0,0.1,-0.4,3/28/2009,1:30:00
57,47,35,9.44,0.87,11.82,6.47,9.01,0.99,11.45,6.47,8.19,1.04,11.07,5.71,294,7,291,0,-0.3,0,0.1,-0.4,3/28/2009,1:40:00
57,47,35,8.94,0.87,11.45,6.85,8.65,0.95,11.07,6.47,7.91,1.08,10.67,5.32,293,7,290,0,-0.3,0,0.1,-0.4,3/28/2009,1:50:00
57,47,35,9.39,1.18,12.2,6.47,9.12,1.18,12.2,6.85,8.36,1.29,12.59,5.32,291,7,290,0,-0.2,0,0.1,-0.4,3/28/2009,2:00:00
57,47,35,8.89,0.95,11.45,6.47,8.62,0.91,11.07,6.47,7.81,1.04,11.07,5.32,290,8,291,0,-0.1,0,0.1,-0.4,3/28/2009,2:10:00
57,47,35,8.36,0.99,10.29,5.71,8.18,0.91,10.29,5.71,7.35,0.95,9.54,4.94,287,7,275,0,-0.2,0,0.1,-0.4,3/28/2009,2:20:00
57,47,35,9.06,1.18,12.2,6.47,8.6,1.08,12.2,6.09,7.49,1.13,12.2,5.32,285,6,281,0,-0.4,0,-0.1,-0.6,3/28/2009,2:30:00
57,47,35,9.49,1.23,11.82,6.85,9.28,0.99,11.82,6.85,8.17,0.95,10.67,6.09,284,6,290,0,-0.6,0,-0.4,-0.8,3/28/2009,2:40:00
57,47,35,8.47,1.04,12.2,6.09,8.54,0.95,11.07,5.71,7.86,1.08,11.07,5.71,277,7,260,0,-0.7,0,-0.6,-0.8,3/28/2009,2:50:00
57,47,35,9.34,1.29,13.34,6.47,9.22,1.18,12.2,6.09,8.14,1.23,11.07,5.32,278,7,283,0,-0.7,0,-0.4,-0.8,3/28/2009,3:00:00
57,47,35,8.41,1.08,11.82,5.71,8.59,0.95,11.45,6.47,7.76,0.83,9.92,5.32,277,6,278,0,-0.5,0,-0.4,-0.6,3/28/2009,3:10:00
57,47,35,8.21,0.99,11.82,6.09,8.41,1.08,11.07,5.71,7.61,0.99,10.29,4.56,276,6,276,0,-0.5,0,-0.4,-0.6,3/28/2009,3:20:00
57,47,35,8.19,1.13,12.59,4.56,8.36,1.04,10.67,5.32,7.51,0.99,10.67,4.94,278,6,273,0,-0.4,0,-0.1,-0.6,3/28/2009,3:30:00
57,47,35,8.65,1.04,11.45,5.71,8.57,0.91,11.07,5.71,7.54,0.91,10.29,5.32,279,6,276,0,-0.3,0,0.1,-0.4,3/28/2009,3:40:00
57,47,35,9.41,1.13,12.59,6.47,9.36,0.99,11.82,6.47,8.36,1.04,11.45,6.09,280,6,275,0,0,0,0.1,-0.4,3/28/2009,3:50:00
57,47,35,9.26,1.34,14.14,6.85,9.34,1.13,12.96,6.85,8.36,0.95,11.07,5.71,276,6,279,0,0.2,0,0.3,0.1,3/28/2009,4:00:00
57,47,35,10.49,1.18,13.73,7.24,10.17,1.04,12.2,7.61,8.95,1.08,11.82,6.47,284,8,287,0,0.3,0,0.6,0.1,3/28/2009,4:10:00
57,47,35,9.01,1.34,12.59,6.09,9.24,1.08,12.2,6.47,8.48,1.08,11.82,6.09,277,7,281,0,0.3,0,0.6,0.1,3/28/2009,4:20:00
57,47,35,9.6,1.23,12.59,6.47,9.36,1.04,12.2,6.09,8.33,1.13,11.45,5.71,285,9,275,0,0,0,0.3,0.1,3/28/2009,4:30:00
57,47,35,10.89,1.13,13.73,7.24,10.5,1.04,13.34,7.61,9.71,1.23,12.59,6.09,296,8,286,0,0.2,0,0.3,0.1,3/28/2009,4:40:00
57,47,35,10.07,1.08,12.96,7.24,9.67,1.13,12.59,6.85,8.93,1.29,12.59,5.71,298,7,300,0,0,0,0.3,-0.1,3/28/2009,4:50:00
57,47,35,10.37,0.95,13.73,7.99,9.93,0.99,12.2,7.24,9.08,1.29,12.2,5.32,297,8,282,0,0,0,0.1,-0.1,3/28/2009,5:00:00
57,47,35,10.11,1.04,13.73,7.24,9.76,0.95,12.96,7.24,9.03,0.99,12.2,6.09,297,8,302,0,0,0,0.1,-0.1,3/28/2009,5:10:00
57,47,35,9.97,1.23,13.34,6.85,9.55,1.18,12.96,6.47,8.72,1.23,12.96,5.32,306,9,313,0,-0.1,0,0.1,-0.1,3/28/2009,5:20:00
57,47,35,9.72,0.99,12.2,7.24,9.33,0.95,11.82,6.47,8.82,1.08,11.07,5.71,308,8,312,0,0,0,0.1,-0.1,3/28/2009,5:30:00
57,47,35,9.64,0.95,12.59,6.47,9.38,0.87,11.45,6.47,8.77,0.91,10.67,6.09,310,7,317,0,0,0,0.3,0.1,3/28/2009,5:40:00
57,47,35,9.49,0.91,11.82,7.24,9.11,0.87,11.82,7.24,8.56,0.95,11.45,6.47,310,7,313,0,0.2,0,0.3,0.1,3/28/2009,5:50:00
57,47,35,9.01,0.91,11.07,6.47,8.64,0.91,11.07,6.09,8.09,0.91,10.67,5.32,303,8,290,0,0.2,0,0.3,0.1,3/28/2009,6:00:00
57,47,35,9.87,0.91,12.2,7.61,9.46,0.83,11.82,6.47,8.61,0.95,11.07,6.09,303,7,298,0,0,0,0.3,-0.4,3/28/2009,6:10:00
57,47,35,9.37,0.83,12.2,7.24,9.09,0.87,11.45,6.85,8.29,0.95,10.67,5.32,299,8,294,0,0,0,0.3,-0.4,3/28/2009,6:20:00
57,47,35,9.45,0.77,11.82,7.61,9.09,0.73,11.07,6.85,8.22,0.8,10.29,5.71,299,7,290,0,-0.3,0,0.1,-0.4,3/28/2009,6:30:00
57,47,35,9.36,0.7,11.45,7.61,8.91,0.73,10.67,6.85,8.18,0.87,10.29,5.71,301,7,296,0,-0.1,0,0.1,-0.4,3/28/2009,6:40:00
57,47,35,8.83,0.64,10.67,7.61,8.43,0.59,10.29,6.85,7.66,0.64,9.54,6.09,296,6,292,0,-0.1,0,0.1,-0.4,3/28/2009,6:50:00
57,47,35,9.09,0.64,11.45,7.24,8.67,0.64,10.29,6.85,7.78,0.7,9.92,5.71,299,7,290,0,0,0,0.3,0.1,3/28/2009,7:00:00
57,47,35,9.46,0.67,11.45,7.61,9.19,0.64,10.67,7.24,8.38,0.73,10.67,6.47,303,7,294,0,0.2,0,0.6,0.1,3/28/2009,7:10:00
57,47,35,10.19,0.64,11.82,8.77,9.91,0.7,11.82,7.61,9.09,0.77,11.07,6.85,307,7,308,0,0.6,0.1,1,0.3,3/28/2009,7:20:00
57,47,35,9.48,1.08,12.59,6.85,9.08,1.04,11.82,6.85,8.48,0.99,11.07,5.71,314,7,297,0,0.9,0,1.3,0.8,3/28/2009,7:30:00
57,47,35,8.42,0.91,11.07,5.71,8.09,0.83,10.29,5.71,7.49,0.83,9.92,5.32,308,9,317,0,1.2,0,1.5,1,3/28/2009,7:40:00
57,47,35,7.58,1.13,10.67,4.56,7.24,1.18,10.67,4.17,6.57,1.23,10.29,3.41,290,9,301,0,1.6,0,2,1.5,3/28/2009,7:50:00
57,47,35,6.32,0.8,8.77,3.8,6.12,0.83,8.37,4.17,5.77,0.95,8.37,3.41,293,9,313,0,2,0,2.2,1.7,3/28/2009,8:00:00
57,47,35,7.18,1.08,11.07,4.94,6.93,0.99,10.29,4.56,6.52,1.08,9.54,3.8,305,11,297,0,2.6,0.2,3.2,2.2,3/28/2009,8:10:00
57,47,35,7.85,0.91,10.67,5.71,7.72,0.91,10.67,5.32,7.47,0.91,9.92,4.94,308,8,323,0,3.4,0.1,3.7,3.2,3/28/2009,8:20:00
57,47,35,8.35,1.29,11.07,5.71,8.26,1.23,11.82,5.71,7.99,1.23,11.07,5.32,311,9,323,0,4.1,0.3,4.7,3.7,3/28/2009,8:30:00
57,47,35,9.08,1.6,13.73,5.71,8.92,1.6,13.34,5.71,8.58,1.6,13.73,5.32,323,9,330,0,5.2,0.4,5.9,4.7,3/28/2009,8:40:00
57,47,35,12.36,1.18,14.87,9.15,12.15,1.29,15.27,8.77,11.89,1.4,15.27,7.99,328,7,326,0,6,0,6.4,5.9,3/28/2009,8:50:00
57,47,35,11.19,1.29,15.27,7.61,11.12,1.4,15.63,7.24,10.75,1.53,14.87,6.47,325,9,308,0,6.8,0.3,7.4,6.1,3/28/2009,9:00:00
57,47,35,12.34,1.34,16.4,9.54,12.38,1.29,15.63,9.15,12.21,1.34,16.4,7.99,324,7,340,0,7.1,0,7.4,7.2,3/28/2009,9:10:00
57,47,35,11.77,1.18,14.87,8.37,11.67,1.23,15.63,7.61,11.48,1.47,15.63,6.47,328,8,333,0,7.4,0.1,7.7,7.2,3/28/2009,9:20:00
57,47,35,11.84,1.47,15.27,7.61,11.57,1.6,15.63,7.24,11.03,1.67,14.52,6.85,324,8,316,0,8.4,0.3,8.9,7.7,3/28/2009,9:30:00
57,47,35,12.38,1.4,15.63,9.15,12.13,1.4,16.4,8.77,11.77,1.6,16.05,7.61,331,8,333,0,8.6,0,8.9,8.2,3/28/2009,9:40:00
57,47,35,12.1,1.74,15.63,7.24,11.87,1.67,16.05,7.99,11.6,1.74,15.27,6.09,333,8,330,0,9,0,9.2,8.9,3/28/2009,9:50:00
57,47,35,11.86,1.74,15.63,6.85,11.7,1.82,15.27,6.09,11.45,2.07,15.27,6.09,332,9,337,0,9.2,0,9.7,8.9,3/28/2009,10:00:00
57,47,35,9.99,1.9,14.14,4.94,9.88,1.9,13.73,5.71,9.57,2.07,13.34,4.56,335,17,345,0,10.2,0.1,10.8,9.7,3/28/2009,10:10:00
57,47,35,10.88,1.18,13.34,7.24,10.73,1.13,13.34,7.61,10.57,1.29,13.34,7.24,335,11,352,0,10,0,10.2,9.7,3/28/2009,10:20:00
57,47,35,10.6,1.04,12.96,6.47,10.4,0.99,12.96,6.85,10.01,1.13,12.96,7.24,342,9,334,0,10.6,0.2,11,10,3/28/2009,10:30:00
57,47,35,9.28,1.23,12.59,6.09,9.19,1.29,12.2,6.47,9.06,1.47,12.2,5.71,328,13,350,0,11.2,0.1,11.3,10.5,3/28/2009,10:40:00
57,47,35,10.53,1.29,14.14,7.24,10.47,1.4,13.34,7.24,10.31,1.4,13.34,6.47,328,10,324,0,11.4,0.1,11.8,11,3/28/2009,10:50:00
57,47,35,10.31,1.4,13.73,6.85,10.23,1.47,13.34,6.85,9.98,1.6,13.73,6.47,333,11,332,0,12,0,12.4,11.8,3/28/2009,11:00:00
57,47,35,10.09,1.47,13.34,6.09,10,1.47,14.14,6.09,9.87,1.6,13.73,5.32,328,11,320,0,12.5,0.2,13.2,12.1,3/28/2009,11:10:00
57,47,35,9.77,1.9,13.34,4.56,9.79,1.9,14.14,4.94,9.64,1.9,13.73,4.94,320,8,315,0,12.8,0,13.2,12.4,3/28/2009,11:20:00
57,47,35,10.43,1.34,13.34,6.09,10.32,1.34,12.96,6.09,10.1,1.34,12.96,5.32,325,9,315,0,12.9,0,13.2,12.6,3/28/2009,11:30:00
57,47,35,9.34,1.53,12.96,5.32,9.18,1.6,13.73,5.71,8.91,1.67,14.52,5.32,331,9,318,0,13.2,0.2,14,12.9,3/28/2009,11:40:00
57,47,35,10.55,1.4,13.34,6.85,10.42,1.53,13.34,6.85,10.11,1.6,14.14,5.32,328,9,317,0,13.8,0.2,14.2,13.4,3/28/2009,11:50:00
57,47,35,10.09,1.29,14.14,6.09,9.82,1.4,13.34,5.71,9.55,1.47,12.96,6.09,331,12,333,0,14.1,0.3,14.8,13.7,3/28/2009,12:00:00
57,47,35,11.24,1.53,14.87,7.24,11.11,1.67,14.52,6.47,10.77,1.82,14.52,6.47,328,10,322,0,14.4,0.2,14.8,14.2,3/28/2009,12:10:00
57,47,35,10.25,1.67,14.52,6.85,10.01,1.82,16.05,6.09,9.74,1.9,14.87,5.32,328,16,337,0,14.7,0.3,15.6,14.2,3/28/2009,12:20:00
57,47,35,12,1.9,19.07,7.99,11.82,2.07,19.48,6.85,11.36,2.16,19.07,5.71,330,11,323,0,15.3,0.1,15.6,15.1,3/28/2009,12:30:00
57,47,35,11.22,1.53,16.4,7.61,10.95,1.6,15.63,6.09,10.52,1.67,15.63,6.09,333,13,339,0,15.6,0,15.9,15.3,3/28/2009,12:40:00
57,47,35,11.24,1.74,16.4,7.24,11.15,1.67,16.05,7.61,10.85,1.9,16.79,6.47,320,9,311,0,15.7,0,15.9,15.3,3/28/2009,12:50:00
57,47,35,10.91,1.34,16.05,7.99,10.66,1.6,16.05,6.47,10.35,1.6,16.05,5.32,318,12,340,0,16.2,0,16.7,15.6,3/28/2009,13:00:00
57,47,35,10.34,1.53,14.14,6.47,10.27,1.6,13.73,6.09,9.94,1.67,13.73,6.09,316,13,306,0,16.5,0.2,17.3,16.2,3/28/2009,13:10:00
57,47,35,12.1,1.6,15.63,6.85,11.98,1.67,16.4,7.61,11.67,1.9,15.63,6.85,323,8,317,0,16.5,0.2,17.3,15.9,3/28/2009,13:20:00
57,47,35,11.55,2.16,18.33,5.71,11.48,2.16,17.94,6.47,11.05,2.26,17.2,4.94,325,15,355,0,16.6,0.1,16.7,16.2,3/28/2009,13:30:00
57,47,35,11.11,1.67,15.63,7.24,11,1.82,16.05,6.47,10.66,2.07,16.05,5.71,322,16,326,0,17.1,0,17.3,16.7,3/28/2009,13:40:00
57,47,35,12.47,1.98,16.79,7.24,12.38,2.07,16.79,6.09,12.12,2.07,17.2,6.85,310,6,311,0,16.9,0.2,17.3,16.5,3/28/2009,13:50:00
57,47,35,10.95,1.98,15.63,6.09,10.89,1.9,14.87,5.71,10.55,1.98,15.63,5.71,321,13,323,0,17.2,0.1,17.6,16.7,3/28/2009,14:00:00
57,47,35,11.45,1.47,15.27,8.77,11.37,1.53,15.27,7.99,11.04,1.67,16.4,6.85,327,10,337,0,17.2,0.1,17.6,16.7,3/28/2009,14:10:00
57,47,35,11.65,1.67,14.87,7.61,11.54,1.74,15.27,7.61,11.2,1.82,15.27,6.85,319,17,333,0,17.4,0,17.9,17,3/28/2009,14:20:00
57,47,35,10.52,1.4,14.52,6.47,10.48,1.4,14.52,6.85,10.26,1.47,13.73,5.71,311,10,317,0,17.5,0,17.9,17.3,3/28/2009,14:30:00
57,47,35,10.66,2.16,16.05,5.71,10.49,2.16,17.2,6.09,10.05,2.07,16.4,5.71,313,10,316,0,17.8,0,17.9,17.6,3/28/2009,14:40:00
57,47,35,12.6,1.67,16.79,8.37,12.46,1.67,17.2,7.99,12.11,1.82,17.2,7.99,315,9,317,0,17.8,0,17.9,17.6,3/28/2009,14:50:00
57,47,35,11.19,2.07,15.63,6.85,11.06,2.16,15.63,7.24,10.6,2.26,15.63,5.71,313,11,321,0,17.9,0,17.9,17.6,3/28/2009,15:00:00
57,47,35,10.89,1.67,14.52,6.47,10.71,1.74,15.27,6.09,10.21,1.74,14.52,6.09,309,10,314,0,17.9,0,17.9,17.6,3/28/2009,15:10:00
57,47,35,10.23,1.9,14.87,5.32,10.01,1.98,14.52,5.32,9.76,2.16,14.52,4.17,329,9,326,0,18.1,0.1,18.4,17.9,3/28/2009,15:20:00
57,47,35,11.81,1.82,16.05,6.85,11.58,1.74,16.4,7.24,11.19,1.9,15.63,5.32,318,9,316,0,17.9,0,18.4,17.9,3/28/2009,15:30:00
57,47,35,11.27,1.6,16.05,7.99,11.1,1.6,15.27,6.85,10.73,1.74,15.27,6.09,326,9,312,0,17.9,0,18.4,17.6,3/28/2009,15:40:00
57,47,35,11.8,1.34,16.05,7.99,11.73,1.47,16.05,7.61,11.22,1.67,15.27,6.85,304,10,328,0,18.2,0.2,18.7,17.9,3/28/2009,15:50:00
57,47,35,10.07,1.47,14.87,6.85,9.96,1.47,14.14,6.85,9.71,1.6,13.34,6.09,318,12,333,0,18.1,0.1,18.7,17.9,3/28/2009,16:00:00
57,47,35,9.76,1.98,18.72,6.09,9.7,1.98,18.33,5.71,9.39,2.16,17.57,4.94,327,15,300,0,18.3,0.3,19,17.9,3/28/2009,16:10:00
57,47,35,10.37,1.98,15.63,6.47,10.22,1.98,15.27,5.32,9.76,2.07,15.27,4.56,322,13,315,0,18.2,0.1,18.4,17.9,3/28/2009,16:20:00
57,47,35,10.69,1.34,14.87,6.47,10.58,1.34,14.52,6.09,10.4,1.4,14.14,6.09,324,7,334,0,17.9,0.1,18.7,17.9,3/28/2009,16:30:00
57,47,35,10.88,1.98,16.4,5.71,10.65,2.07,16.05,4.94,10.11,2.26,15.27,4.56,322,9,317,0,17.9,0,17.9,17.6,3/28/2009,16:40:00
57,47,35,9.44,1.13,11.82,6.85,9.28,1.18,11.45,5.32,9.03,1.23,12.59,5.71,309,8,310,0,17.9,0,17.9,17.6,3/28/2009,16:50:00
57,47,35,10.44,1.23,14.14,7.24,10.37,1.29,14.14,6.85,9.9,1.53,13.73,6.85,315,9,311,0,17.8,0,17.9,17.3,3/28/2009,17:00:00
57,47,35,9.54,1.23,12.59,6.85,9.43,1.34,12.96,6.47,9.13,1.53,12.96,5.71,324,11,330,0,17.5,0,17.6,17.3,3/28/2009,17:10:00
57,47,35,9.75,1.67,13.73,6.09,9.62,1.67,14.14,6.47,9.35,1.74,12.96,5.32,331,8,323,0,17.5,0,17.9,17.3,3/28/2009,17:20:00
57,47,35,8.23,1.23,11.45,5.32,8.09,1.29,11.45,4.56,7.85,1.29,11.82,3.8,324,10,324,0,17.4,0,17.6,17.3,3/28/2009,17:30:00
57,47,35,8.44,1.18,11.82,4.94,8.28,1.29,11.45,3.8,8.07,1.23,11.82,4.56,322,12,330,0,17.3,0,17.6,17,3/28/2009,17:40:00
57,47,35,8.9,1.23,12.2,6.09,8.77,1.23,12.2,6.09,8.53,1.4,12.2,5.32,327,7,330,0,17.2,0,17.3,17,3/28/2009,17:50:00
57,47,35,8.99,0.99,11.82,6.09,8.8,1.08,11.82,5.71,8.27,1.18,10.67,4.94,325,8,320,0,16.8,0,17,16.7,3/28/2009,18:00:00
57,47,35,8.27,1.04,11.07,6.09,8.1,1.04,10.67,5.71,7.93,1.18,11.07,5.32,332,8,330,0,16.6,0,16.7,16.5,3/28/2009,18:10:00
57,47,35,6.95,1.34,9.15,4.17,6.76,1.4,9.54,3.03,6.57,1.4,9.15,3.41,332,9,327,0,16.5,0,16.5,16.2,3/28/2009,18:20:00
57,47,35,7.46,0.83,10.29,4.94,7.24,0.91,10.29,4.56,7.02,0.99,9.15,4.17,341,7,342,0,16,0.2,16.2,15.6,3/28/2009,18:30:00
57,47,35,7.6,0.91,9.92,5.32,7.33,0.91,9.54,4.94,7.01,0.95,9.15,4.17,343,7,329,0,15.5,0,15.6,15.3,3/28/2009,18:40:00
57,47,35,7.3,0.59,9.15,5.71,7.02,0.67,8.77,4.56,6.7,0.7,8.37,4.17,340,6,332,0,15,0.1,15.3,14.8,3/28/2009,18:50:00
57,47,35,6.88,0.67,8.77,5.32,6.55,0.73,8.37,4.17,6.27,0.83,8.37,3.41,349,6,339,0,14.5,0,14.8,14.2,3/28/2009,19:00:00
57,47,35,6.4,0.59,7.99,4.94,5.99,0.62,7.61,4.17,5.58,0.62,7.24,4.17,353,12,355,0,14,0.1,14.5,13.7,3/28/2009,19:10:00
57,47,35,7.06,0.54,7.99,5.71,6.45,0.62,7.61,4.56,5.97,0.64,7.24,3.8,1,13,0,0,13.4,0.1,13.7,13.2,3/28/2009,19:20:00
57,47,35,6.78,0.62,7.99,4.94,6.08,0.64,7.24,4.17,5.49,0.7,6.85,3.8,1,21,151,0,13,0,13.4,12.9,3/28/2009,19:30:00
57,47,35,5.72,0.59,7.61,4.56,5.01,0.59,6.47,3.8,4.48,0.56,6.09,3.41,4,15,7,0,12.6,0.1,12.9,12.4,3/28/2009,19:40:00
57,47,35,4.78,0.54,6.09,3.41,4.27,0.5,5.32,3.03,3.73,0.52,5.32,2.65,15,6,0,0,12.4,0,12.4,12.1,3/28/2009,19:50:00
57,47,35,5.81,0.87,7.24,3.8,5.18,0.73,6.47,3.41,4.55,0.67,6.47,3.03,21,7,15,0,12,0,12.1,11.8,3/28/2009,20:00:00
57,47,35,6.25,0.67,7.61,4.56,5.6,0.7,6.85,3.8,5.04,0.77,6.85,2.65,29,9,34,0,11.9,0,12.1,11.6,3/28/2009,20:10:00
57,47,35,6.1,0.56,7.61,4.17,5.46,0.62,7.24,3.8,4.93,0.64,6.85,3.41,39,7,36,0,11.9,0,12.1,11.6,3/28/2009,20:20:00
57,47,35,6.12,0.59,7.61,4.17,5.49,0.62,7.24,3.8,4.89,0.62,6.47,3.03,41,8,40,0,11.4,0,11.8,11.3,3/28/2009,20:30:00
57,47,35,6.42,0.5,7.61,5.32,5.7,0.59,7.24,4.17,4.88,0.52,6.47,3.41,39,7,38,0,11.3,0,11.3,11,3/28/2009,20:40:00
57,47,35,7.12,0.29,7.61,6.09,6.22,0.37,6.85,4.94,5.27,0.44,6.47,4.17,39,5,39,0,10.9,0,11,10.8,3/28/2009,20:50:00
57,47,35,7.4,0.34,7.99,6.09,6.44,0.44,7.24,5.32,5.36,0.5,6.47,4.17,40,5,32,0,10.6,0,10.8,10.5,3/28/2009,21:00:00
57,47,35,7.51,0.2,7.99,6.85,6.81,0.37,7.61,5.71,5.63,0.47,6.85,4.17,40,5,41,0,10.4,0,10.8,10.2,3/28/2009,21:10:00
57,47,35,7.46,0.32,7.99,6.09,6.66,0.45,7.61,5.32,5.72,0.45,6.85,4.56,44,5,40,0,10.6,0,10.8,10.2,3/28/2009,21:20:00
57,47,35,7.42,0.22,7.99,6.85,6.61,0.37,7.24,5.32,5.42,0.4,6.47,4.17,47,5,51,0,10.4,0.1,10.8,10.2,3/28/2009,21:30:00
57,47,35,7.43,0.31,7.99,6.47,6.54,0.37,7.24,5.32,5.34,0.38,6.47,4.17,48,5,41,0,10,0.1,10.2,9.7,3/28/2009,21:40:00
57,47,35,7.09,0.45,7.99,5.71,5.99,0.5,7.24,4.17,5.03,0.45,6.47,4.17,51,6,41,0,9.9,0,10,9.7,3/28/2009,21:50:00
57,47,35,6.12,0.7,7.99,4.17,5.48,0.67,7.24,3.8,4.63,0.62,6.85,3.41,59,7,45,0,9.7,0,10,9.7,3/28/2009,22:00:00
57,47,35,5.98,0.54,7.61,4.56,5.3,0.54,6.47,3.8,4.6,0.52,6.09,3.41,62,7,63,0,9.6,0,9.7,9.5,3/28/2009,22:10:00
57,47,35,6.1,0.54,7.24,4.56,5.6,0.5,6.85,4.17,4.94,0.47,6.47,3.8,64,6,54,0,9.5,0.1,9.7,9.2,3/28/2009,22:20:00
57,47,35,5.87,0.38,6.85,4.56,5.48,0.38,6.47,4.17,4.96,0.44,6.09,3.8,67,4,69,0,9.1,0,9.2,8.9,3/28/2009,22:30:00
57,47,35,5.91,0.37,6.85,4.94,5.4,0.35,6.09,4.56,4.95,0.31,5.71,4.17,70,4,65,0,8.9,0,9.2,8.7,3/28/2009,22:40:00
57,47,35,5.72,0.37,6.85,4.94,5.26,0.37,6.47,4.56,4.79,0.37,5.71,3.8,79,3,77,0,8.8,0,8.9,8.7,3/28/2009,22:50:00
57,47,35,6.17,0.4,7.24,5.32,5.66,0.37,6.47,4.56,5.14,0.34,6.09,4.17,81,3,84,0,8.7,0,8.9,8.4,3/28/2009,23:00:00
57,47,35,6.2,0.38,7.24,5.32,5.89,0.38,6.85,4.94,5.46,0.34,6.47,4.56,87,4,80,0,8.6,0,8.7,8.4,3/28/2009,23:10:00
57,47,35,6.42,0.27,7.24,5.71,6.02,0.32,6.85,5.32,5.51,0.34,6.47,4.56,86,3,87,0,8.5,0,8.7,8.4,3/28/2009,23:20:00
57,47,35,6.85,0.44,7.99,5.71,6.48,0.44,7.99,5.32,6.06,0.5,7.24,4.94,88,3,82,0,8.5,0,8.7,8.4,3/28/2009,23:30:00
57,47,35,7.11,0.32,7.99,6.47,6.79,0.29,7.61,6.09,6.49,0.37,7.61,5.71,89,3,84,0,8.6,0,8.7,8.4,3/28/2009,23:40:00
57,47,35,7.25,0.28,7.99,6.47,7.01,0.34,7.99,6.09,6.69,0.42,7.61,5.71,92,4,93,0,8.6,0,8.9,8.4,3/28/2009,23:50:00
57,47,35,7.82,0.29,8.77,6.85,7.66,0.34,8.37,6.47,7.42,0.44,8.37,6.09,96,4,99,0,8.8,0,8.9,8.7,3/29/2009,0:00:00
57,47,35,7.82,0.29,9.15,6.85,7.65,0.32,8.77,6.85,7.42,0.37,8.37,6.47,96,4,98,0,9,0,9.2,8.9,3/29/2009,0:10:00
57,47,35,8.16,0.54,9.54,6.47,7.66,0.77,9.15,5.32,7.26,0.91,9.15,4.56,98,7,103,0,9.3,0,9.7,9.2,3/29/2009,0:20:00
57,47,35,6.03,1.04,8.77,4.17,5.74,1.04,8.37,3.41,5.57,0.99,8.37,3.41,108,9,106,0,8.8,0.2,9.2,8.4,3/29/2009,0:30:00
57,47,35,5.28,0.73,7.99,3.8,5.23,0.7,7.24,3.03,5.48,0.59,7.24,3.8,115,6,122,0,8.7,0.1,8.9,8.4,3/29/2009,0:40:00
57,47,35,4.89,0.67,7.61,3.41,4.88,0.67,6.85,3.41,5.19,0.54,6.47,3.8,114,6,97,0,8.7,0,8.9,8.4,3/29/2009,0:50:00
57,47,35,4.92,0.64,6.85,3.03,4.81,0.54,6.47,3.41,4.86,0.54,6.47,3.8,111,6,103,0,8.3,0.1,8.4,8.2,3/29/2009,1:00:00
57,47,35,4.73,0.62,6.47,3.41,4.66,0.56,6.09,3.41,4.83,0.52,6.09,3.41,111,6,111,0,8.1,0,8.2,7.9,3/29/2009,1:10:00
57,47,35,5.12,0.87,7.24,3.03,5.17,0.73,7.24,3.03,5.15,0.5,6.47,3.8,119,6,105,0,8,0,8.4,7.9,3/29/2009,1:20:00
57,47,35,5.15,0.83,6.85,3.03,5.11,0.73,6.85,3.03,5.16,0.56,6.47,3.8,118,5,121,0,8.1,0,8.2,7.9,3/29/2009,1:30:00
57,47,35,6.24,0.73,8.37,3.8,6.31,0.7,7.99,4.56,6.29,0.77,7.99,4.56,125,5,127,0,8.4,0,8.7,7.9,3/29/2009,1:40:00
57,47,35,6.77,0.8,8.37,3.8,6.97,0.83,8.77,3.8,7.37,0.62,8.77,5.32,129,5,126,0,8.6,0,8.9,8.4,3/29/2009,1:50:00
57,47,35,6.69,0.67,8.37,4.56,6.77,0.73,7.99,4.56,6.95,0.7,8.37,4.17,129,6,122,0,8.5,0,8.9,8.2,3/29/2009,2:00:00
57,47,35,6.18,0.54,7.61,4.56,6.21,0.59,7.61,4.56,6.34,0.56,7.99,4.94,126,4,128,0,8.4,0,8.4,8.2,3/29/2009,2:10:00
57,47,35,5.61,0.52,7.24,4.17,5.57,0.45,6.85,4.56,5.74,0.44,7.24,4.56,125,3,130,0,8.2,0,8.4,8.2,3/29/2009,2:20:00
57,47,35,6.42,0.7,8.37,4.56,6.51,0.64,7.99,4.94,6.54,0.56,7.99,4.94,127,4,120,0,8.1,0,8.4,7.9,3/29/2009,2:30:00
57,47,35,5.76,0.52,7.24,3.8,5.94,0.52,7.24,3.8,6.26,0.44,7.61,4.94,128,3,126,0,8,0,8.2,7.9,3/29/2009,2:40:00
57,47,35,4.75,1.13,7.24,2.26,5.19,1.08,7.61,2.26,5.99,0.83,7.61,3.41,132,8,127,0,8,0,8.2,7.9,3/29/2009,2:50:00
57,47,35,5.05,1.29,8.37,2.65,5.6,1.29,8.37,3.03,6.24,0.99,8.37,3.41,134,10,132,0,8.2,0.1,8.7,7.9,3/29/2009,3:00:00
57,47,35,5.18,1.23,7.61,2.65,6.04,1.47,9.15,2.65,6.65,1.08,8.77,4.17,153,9,159,0,7.8,0.5,8.7,6.9,3/29/2009,3:10:00
57,47,35,4.99,0.99,7.24,2.26,5.8,1.04,7.99,3.41,6.85,0.91,8.37,3.03,158,6,156,0,6.8,0,6.9,6.7,3/29/2009,3:20:00
57,47,35,6.19,1.4,9.15,3.03,6.87,1.23,9.15,2.65,7.25,0.73,8.77,4.56,162,5,163,0,6.8,0,7.2,6.7,3/29/2009,3:30:00
57,47,35,6.62,1.34,9.92,3.03,7.23,1.08,9.92,4.17,7.32,0.77,9.15,4.94,163,3,161,0,7,0,7.4,6.9,3/29/2009,3:40:00
57,47,35,6.82,1.13,9.15,3.03,6.99,0.64,8.37,4.94,6.89,0.52,8.37,5.71,163,4,162,0,6.8,0,7.2,6.7,3/29/2009,3:50:00
57,47,35,8.73,1.08,11.07,4.94,8.41,0.95,11.07,5.71,7.89,0.83,10.29,6.09,166,4,161,0,6.8,0.2,7.2,6.4,3/29/2009,4:00:00
57,47,35,8.34,1.29,11.07,4.17,8.85,0.91,11.45,5.32,8.92,0.62,10.67,7.24,164,4,163,0,7.3,0,7.7,6.9,3/29/2009,4:10:00
57,47,35,8.8,1.08,10.67,5.32,9.16,0.8,10.67,6.09,8.83,0.5,9.92,7.24,162,3,165,0,7.2,0.1,7.4,7.2,3/29/2009,4:20:00
57,47,35,10.11,1.04,12.59,5.71,9.98,0.83,11.82,7.61,9.29,0.64,10.67,7.61,162,3,163,0,7,0,7.2,6.9,3/29/2009,4:30:00
57,47,35,9.02,0.91,11.82,6.47,8.84,0.95,11.07,5.32,8.38,0.7,10.29,6.47,163,4,165,0,6.8,0,6.9,6.7,3/29/2009,4:40:00
57,47,35,7.5,0.99,9.92,4.17,7.39,0.83,9.54,4.94,7.46,0.62,9.15,5.32,163,4,171,0,6.7,0,6.9,6.4,3/29/2009,4:50:00
57,47,35,8.07,0.77,9.92,5.71,7.61,0.73,9.92,4.94,7.13,0.62,9.15,4.94,164,4,167,0,6.5,0,6.9,6.4,3/29/2009,5:00:00
57,47,35,7.28,0.95,9.54,4.56,7,0.83,9.15,4.17,6.79,0.67,8.37,4.94,164,4,162,0,6.3,0,6.4,6.1,3/29/2009,5:10:00
57,47,35,7.51,1.04,9.92,4.17,7.06,0.87,9.54,3.8,6.9,0.77,9.15,3.8,162,6,168,0,6.6,0,6.9,6.4,3/29/2009,5:20:00
57,47,35,7.52,1.18,10.67,4.17,7.39,1.04,9.92,3.8,7.25,0.77,9.54,4.56,162,6,158,0,6.8,0,6.9,6.4,3/29/2009,5:30:00
57,47,35,7.32,1.13,9.92,4.17,7.33,0.91,9.92,4.56,7.32,0.8,9.92,4.94,162,7,175,0,6.8,0,7.2,6.9,3/29/2009,5:40:00
57,47,35,7.63,1.18,10.29,4.17,7.5,1.08,10.29,3.8,7.42,0.83,9.15,4.56,161,7,163,0,6.8,0,7.2,6.7,3/29/2009,5:50:00
57,47,35,8.7,1.08,11.45,5.32,8.15,1.08,11.07,5.32,7.83,0.91,10.29,4.56,164,7,169,0,6.8,0,7.2,6.7,3/29/2009,6:00:00
57,47,35,8.3,1.13,11.07,6.09,7.82,1.08,10.67,5.32,7.25,0.99,9.92,4.56,167,7,159,0,6.9,0,7.2,6.7,3/29/2009,6:10:00
57,47,35,7.19,0.91,9.54,4.94,6.68,0.91,9.15,4.56,6.26,0.83,8.37,4.17,174,8,168,0,7,0,7.4,6.9,3/29/2009,6:20:00
57,47,35,8.73,0.91,11.07,6.09,8.17,0.87,10.29,6.09,7.78,0.83,10.29,5.71,178,7,184,0,7,0,7.2,6.9,3/29/2009,6:30:00
57,47,35,9.02,0.8,11.82,6.85,8.36,0.87,10.67,6.47,7.7,0.91,10.29,5.32,177,7,180,0,6.9,0,7.2,6.9,3/29/2009,6:40:00
57,47,35,8.71,1.08,11.45,6.47,8.1,0.95,11.07,5.71,7.29,0.87,10.29,5.71,180,7,180,0,6.9,0,7.2,6.9,3/29/2009,6:50:00
57,47,35,9.63,1.13,12.59,6.47,8.73,1.08,12.2,6.09,7.88,1.08,10.29,5.32,179,8,172,0,7.4,0.2,7.9,7.2,3/29/2009,7:00:00
57,47,35,9.39,1.04,12.2,6.85,8.63,1.04,11.82,6.09,7.99,0.95,10.67,5.71,177,8,183,0,8,0.1,8.4,7.7,3/29/2009,7:10:00
57,47,35,9.45,1.23,12.59,6.47,8.75,1.13,11.45,6.09,8.11,1.04,10.29,5.71,177,7,174,0,8.5,0,8.7,8.2,3/29/2009,7:20:00
57,47,35,10.55,1.13,13.73,7.99,9.98,1.18,13.73,6.85,9.16,1.04,12.59,6.47,179,7,176,0,8.8,0,9.2,8.7,3/29/2009,7:30:00
57,47,35,11.23,1.13,14.14,7.61,10.53,1.13,12.96,7.24,9.92,1.08,13.34,7.24,178,7,181,0,9.3,0.2,9.7,8.9,3/29/2009,7:40:00
57,47,35,12.24,1.29,15.27,8.77,11.67,1.29,14.52,7.99,11.02,1.47,14.87,6.47,177,6,168,0,10.1,0.2,10.5,9.7,3/29/2009,7:50:00
57,47,35,12.33,1.18,15.63,8.77,11.77,1.23,15.63,8.77,11.3,1.23,14.14,8.37,179,6,173,0,10.9,0.2,11.3,10.5,3/29/2009,8:00:00
57,47,35,12.19,1.34,17.2,9.15,11.71,1.18,15.27,9.15,11.36,1.04,13.73,8.77,180,6,183,0,11.6,0.1,11.8,11.3,3/29/2009,8:10:00
57,47,35,11.23,1.04,14.52,7.99,10.92,1.13,14.52,7.61,10.65,1.13,13.73,7.61,182,7,175,0,12.2,0.2,12.9,11.8,3/29/2009,8:20:00
57,47,35,10.91,1.34,14.87,7.61,10.75,1.13,13.73,7.99,10.68,1.08,13.34,7.99,185,6,177,0,13.2,0.1,13.7,12.9,3/29/2009,8:30:00
57,47,35,11.91,1.4,15.63,8.37,11.66,1.47,15.27,7.99,11.47,1.34,14.87,7.99,186,6,180,0,13.8,0,14.2,13.7,3/29/2009,8:40:00
57,47,35,12.43,1.29,16.05,9.15,12.32,1.29,15.63,9.15,12.02,1.29,14.52,8.37,186,7,190,0,14.4,0.1,14.8,14.2,3/29/2009,8:50:00
57,47,35,11.93,1.47,15.63,8.37,11.6,1.53,15.27,8.37,11.27,1.34,14.52,8.37,188,7,176,0,15.3,0.2,15.6,14.8,3/29/2009,9:00:00
57,47,35,12.36,1.4,16.05,9.15,12.26,1.47,16.05,7.99,12.02,1.53,15.63,6.85,189,7,198,0,15.8,0,16.2,15.6,3/29/2009,9:10:00
57,47,35,11.57,1.34,15.63,8.37,11.21,1.34,14.87,7.99,10.99,1.29,14.52,7.61,189,7,189,0,16.6,0.3,17.3,15.9,3/29/2009,9:20:00
57,47,35,12.93,1.53,16.79,8.77,12.72,1.53,16.05,9.15,12.3,1.53,16.05,7.99,186,7,189,0,17.3,0,17.6,17,3/29/2009,9:30:00
57,47,35,12.66,1.23,15.27,9.15,12.49,1.29,15.63,8.77,12.21,1.29,15.27,9.15,181,7,178,0,17.7,0,17.9,17.3,3/29/2009,9:40:00
57,47,35,12.46,1.47,15.27,7.24,12.32,1.6,15.27,8.37,11.93,1.53,15.27,7.99,187,8,181,0,18,0,18.4,17.9,3/29/2009,9:50:00
57,47,35,14.31,1.47,17.57,8.77,13.95,1.6,17.57,7.99,13.39,1.67,17.57,7.99,187,7,192,0,18.4,0.4,19,17.9,3/29/2009,10:00:00
57,47,35,14.01,1.4,16.79,10.29,13.87,1.47,17.2,9.92,13.45,1.53,16.4,9.92,192,8,175,0,18.8,0.2,19.6,18.4,3/29/2009,10:10:00
57,47,35,12.19,1.4,17.2,9.15,12,1.4,16.05,8.77,11.72,1.34,15.63,8.37,186,9,180,0,19.4,0.1,19.8,19,3/29/2009,10:20:00
57,47,35,12.23,1.47,15.63,7.99,12.03,1.47,15.63,7.99,11.67,1.53,14.87,7.24,187,9,191,0,20.1,0,20.4,19.8,3/29/2009,10:30:00
57,47,35,11.58,1.47,14.52,7.24,11.28,1.47,14.87,6.85,11.09,1.47,14.87,7.24,183,9,163,0,20.4,0.1,21,19.8,3/29/2009,10:40:00
57,47,35,13.06,1.98,16.79,7.61,12.98,1.98,16.4,8.37,12.65,1.98,16.79,7.24,192,8,196,0,20.6,0,21.3,20.4,3/29/2009,10:50:00
57,47,35,10.61,1.34,14.14,7.24,10.41,1.34,13.73,6.85,10.26,1.4,14.52,6.47,181,8,185,0,21.4,0.1,21.9,21,3/29/2009,11:00:00
57,47,35,11.79,1.67,14.87,7.24,11.54,1.82,15.63,6.85,11.29,1.82,14.87,6.85,182,9,184,0,21.7,0.4,22.2,21.3,3/29/2009,11:10:00
57,47,35,11.8,1.4,14.87,8.37,11.56,1.47,15.27,8.37,11.31,1.47,14.87,7.61,186,11,193,0,21.8,0,22.2,21.6,3/29/2009,11:20:00
57,47,35,11.48,1.67,14.52,6.85,11.42,1.6,14.52,6.85,11.27,1.67,14.87,6.85,196,8,188,0,22,0,22.2,21.6,3/29/2009,11:30:00
57,47,35,12.39,1.53,16.05,8.77,12.25,1.6,16.4,7.99,11.99,1.47,16.4,7.99,187,7,183,0,21.8,0,22.2,21.6,3/29/2009,11:40:00
57,47,35,11.97,1.53,15.27,7.99,11.84,1.6,15.27,7.99,11.57,1.53,15.27,7.61,186,9,188,0,22.3,0.3,22.8,21.9,3/29/2009,11:50:00
57,47,35,12.31,1.53,15.63,8.77,12.14,1.6,16.05,7.61,11.77,1.74,16.05,6.85,189,8,191,0,22.3,0,22.8,22.2,3/29/2009,12:00:00
57,47,35,11.99,1.53,16.05,8.37,11.61,1.67,16.05,7.61,11.44,1.67,15.63,6.47,193,10,192,0,23.1,0.3,23.7,22.5,3/29/2009,12:10:00
57,47,35,11.73,1.4,15.27,7.61,11.57,1.47,15.27,7.99,11.36,1.53,14.87,6.85,192,10,192,0,23.1,0,23.7,22.8,3/29/2009,12:20:00
57,47,35,12.07,1.53,16.4,7.61,11.87,1.53,16.4,7.61,11.54,1.4,15.63,7.99,191,13,183,0,23.2,0.2,23.7,22.8,3/29/2009,12:30:00
57,47,35,12.01,1.98,16.79,7.61,11.71,1.98,16.79,6.85,11.3,1.98,16.05,6.09,184,9,176,0,23.6,0.2,24,23.1,3/29/2009,12:40:00
57,47,35,11.57,1.47,15.27,7.24,11.33,1.47,15.27,7.24,11.19,1.4,14.87,7.61,186,11,191,0,23.6,0.1,24,23.4,3/29/2009,12:50:00
57,47,35,12.26,1.34,15.63,7.99,11.99,1.47,15.27,7.99,11.8,1.6,16.05,7.61,192,12,196,0,24,0,24.6,23.7,3/29/2009,13:00:00
57,47,35,11.98,1.98,16.79,7.24,11.82,1.98,17.2,7.61,11.52,1.9,17.2,6.85,190,8,198,0,24,0,24.6,23.7,3/29/2009,13:10:00
57,47,35,11.23,1.98,16.05,6.85,10.93,1.9,16.05,6.47,10.64,1.9,14.87,6.47,186,13,201,0,24.3,0.3,24.9,23.7,3/29/2009,13:20:00
57,47,35,11.58,1.82,16.05,7.24,11.34,1.82,15.27,6.47,11.21,1.82,14.87,6.09,189,9,183,0,24.5,0.2,25.2,24,3/29/2009,13:30:00
57,47,35,11.39,1.9,16.05,6.47,11.21,1.9,16.05,6.85,11.08,1.82,15.27,6.47,192,12,199,0,24.5,0.2,24.9,24,3/29/2009,13:40:00
57,47,35,11.28,1.67,14.87,6.47,11.03,1.67,14.52,6.47,10.78,1.74,14.52,6.85,190,10,178,0,25.1,0,25.8,24.9,3/29/2009,13:50:00
57,47,35,11.59,1.98,16.79,7.24,11.35,2.07,16.05,7.24,11.03,2.16,16.4,6.85,187,10,186,0,25,0,25.5,24.9,3/29/2009,14:00:00
57,47,35,12.19,1.53,15.63,7.61,11.88,1.6,16.05,8.37,11.61,1.67,16.05,7.61,189,12,173,0,24.9,0,25.2,24.6,3/29/2009,14:10:00
57,47,35,13.48,1.6,16.79,8.77,13.18,1.74,16.79,8.37,12.69,1.67,17.2,8.37,192,9,199,0,24.9,0.2,25.5,24.6,3/29/2009,14:20:00
57,47,35,13.89,1.9,18.72,8.37,13.7,1.9,17.57,7.61,13.49,1.9,18.33,7.61,186,9,194,0,25.1,0,25.2,24.9,3/29/2009,14:30:00
57,47,35,13.05,1.74,18.72,9.15,12.76,1.67,17.57,9.15,12.34,1.67,17.94,7.99,187,8,190,0,25.1,0,25.2,24.9,3/29/2009,14:40:00
57,47,35,12.69,1.47,16.05,7.99,12.51,1.53,16.05,8.37,12.31,1.6,16.4,7.99,192,11,206,0,25.8,0.2,26.4,25.2,3/29/2009,14:50:00
57,47,35,12.52,1.74,16.79,8.37,12.15,1.74,16.79,8.77,11.84,1.53,16.05,8.77,192,12,189,0,25.7,0.2,26.4,25.2,3/29/2009,15:00:00
57,47,35,12.58,1.67,16.05,7.61,12.29,1.67,16.4,7.61,11.94,1.74,16.4,6.85,192,15,188,0,25.8,0.2,26.4,25.5,3/29/2009,15:10:00
57,47,35,12.09,2.26,17.94,7.61,11.84,2.26,17.94,7.61,11.63,2.16,17.94,7.61,188,9,181,0,25.5,0.2,26.1,25.2,3/29/2009,15:20:00
57,47,35,13.66,1.67,17.2,7.99,13.41,1.67,17.2,7.61,13.12,1.67,17.57,7.61,200,12,182,0,25.9,0,26.4,25.8,3/29/2009,15:30:00
57,47,35,10.78,1.74,16.05,7.24,10.61,1.82,16.4,6.85,10.44,1.82,15.63,6.85,192,10,195,0,25.9,0.2,26.4,25.5,3/29/2009,15:40:00
57,47,35,12.74,1.74,16.4,7.61,12.59,1.74,16.05,6.85,12.28,1.74,16.05,7.24,196,11,181,0,25.8,0,26.1,25.5,3/29/2009,15:50:00
57,47,35,11,1.74,15.27,6.85,10.85,1.74,14.87,7.24,10.63,1.74,14.52,6.09,194,12,210,0,26,0,26.4,25.8,3/29/2009,16:00:00
57,47,35,11.91,1.6,15.27,7.61,11.75,1.53,16.05,6.85,11.4,1.4,14.87,6.85,187,8,172,0,25.6,0.1,26.1,25.2,3/29/2009,16:10:00
57,47,35,11.84,1.82,15.63,7.24,11.5,1.82,15.27,6.85,11.08,1.82,15.27,5.71,189,10,189,0,25.3,0,25.5,25.2,3/29/2009,16:20:00
57,47,35,11.67,2.07,16.4,7.61,11.31,1.98,16.79,7.61,10.97,2.07,17.57,7.24,187,8,185,0,25.6,0,26.1,25.5,3/29/2009,16:30:00
57,47,35,11.28,1.74,14.87,7.24,11.13,1.74,15.27,7.61,11,1.74,14.87,7.24,187,9,199,0,25.3,0.3,25.8,24.9,3/29/2009,16:40:00
57,47,35,9.4,1.6,14.52,6.09,9.16,1.53,14.52,5.71,9.03,1.67,14.52,6.09,189,9,192,0,25.5,0.6,26.7,24.9,3/29/2009,16:50:00
57,47,35,11.13,1.6,14.87,7.61,10.98,1.6,14.52,7.24,10.71,1.6,14.52,6.85,182,9,196,0,25.8,0.2,26.4,25.5,3/29/2009,17:00:00
57,47,35,12.8,1.34,16.4,9.15,12.53,1.4,16.4,8.77,12.19,1.4,16.05,8.77,183,10,195,0,25.3,0.2,26.1,24.9,3/29/2009,17:10:00
57,47,35,11.89,1.67,15.63,7.99,11.66,1.74,15.63,8.77,11.25,1.74,15.27,7.24,184,7,192,0,24.9,0,25.2,24.9,3/29/2009,17:20:00
57,47,35,11.32,1.6,15.27,7.99,10.98,1.6,15.27,7.99,10.57,1.6,15.27,6.85,182,8,183,0,24.9,0,25.2,24.9,3/29/2009,17:30:00
57,47,35,13.6,1.6,16.79,8.77,13.2,1.74,16.79,8.77,12.64,1.67,16.79,7.99,189,7,188,0,24.4,0.2,24.9,24,3/29/2009,17:40:00
57,47,35,11.73,1.47,15.27,7.61,11.36,1.47,14.87,7.99,10.93,1.29,14.14,7.24,179,10,167,0,24.3,0,24.6,24,3/29/2009,17:50:00
57,47,35,11.89,1.53,14.87,7.99,11.72,1.74,15.27,7.24,11.62,1.9,15.63,7.24,182,8,191,0,24.4,0,24.9,24.3,3/29/2009,18:00:00
57,47,35,12.74,1.47,17.2,9.15,12.33,1.47,16.79,8.77,11.95,1.47,16.79,7.61,175,8,156,0,24.4,0,24.9,24.3,3/29/2009,18:10:00
57,47,35,11.81,1.47,15.63,8.37,11.6,1.4,14.52,7.99,11.36,1.34,14.52,7.99,177,7,165,0,24.3,0,24.6,24,3/29/2009,18:20:00
57,47,35,13.29,2.16,16.79,8.37,12.79,1.98,16.79,8.77,12.38,1.98,16.05,8.37,176,7,175,0,23.6,0.2,24.3,23.1,3/29/2009,18:30:00
57,47,35,13.33,1.53,17.2,9.92,12.85,1.53,16.4,9.54,12.53,1.6,15.63,8.77,173,5,167,0,22.7,0.2,23.4,22.2,3/29/2009,18:40:00
57,47,35,12.85,1.34,16.4,8.77,12.44,1.47,16.4,9.15,12.08,1.6,16.4,8.77,169,7,173,0,22.2,0,22.2,21.9,3/29/2009,18:50:00
57,47,35,13.58,1.29,17.57,10.67,13.07,1.34,16.4,9.92,12.26,1.4,15.63,8.77,166,7,169,0,21.8,0,22.2,21.6,3/29/2009,19:00:00
57,47,35,12.66,1.29,16.4,9.15,12.36,1.34,16.4,8.77,12.18,1.4,15.63,9.15,167,6,165,0,21.5,0.1,21.9,21.3,3/29/2009,19:10:00
57,47,35,12.79,1.29,16.4,9.54,12.43,1.29,16.05,9.15,11.87,1.29,15.63,8.77,166,6,165,0,21.2,0,21.3,21,3/29/2009,19:20:00
57,47,35,13.97,1.4,17.57,10.29,13.46,1.4,17.2,9.54,12.99,1.47,16.79,9.15,168,6,168,0,21,0,21.3,21,3/29/2009,19:30:00
57,47,35,13.73,1.23,17.2,9.92,13.21,1.34,16.4,9.92,12.82,1.34,16.4,9.15,169,6,163,0,20.9,0,21,20.7,3/29/2009,19:40:00
57,47,35,13.95,1.34,17.2,10.67,13.39,1.34,16.4,10.29,12.92,1.4,17.57,9.15,168,6,169,0,20.8,0,21,20.7,3/29/2009,19:50:00
57,47,35,14.06,1.67,17.94,9.92,13.61,1.67,17.2,9.92,13.18,1.67,18.33,9.54,168,6,173,0,20.6,0,21,20.4,3/29/2009,20:00:00
57,47,35,14.45,1.4,18.33,10.67,13.8,1.47,17.94,9.54,13.27,1.4,16.05,8.37,168,6,158,0,20.5,0,20.7,20.4,3/29/2009,20:10:00
57,47,35,14.86,1.6,19.85,9.92,14.17,1.67,17.94,9.54,13.69,1.74,17.2,9.15,169,6,162,0,20.4,0,20.7,20.1,3/29/2009,20:20:00
57,47,35,14.34,1.4,17.94,10.29,13.62,1.4,17.2,10.29,13.13,1.4,17.2,9.92,169,6,165,0,20.1,0,20.4,20.1,3/29/2009,20:30:00
57,47,35,14.5,1.34,19.07,10.67,13.92,1.4,18.72,10.29,13.4,1.4,17.2,9.54,169,6,177,0,20.1,0,20.1,19.8,3/29/2009,20:40:00
57,47,35,14.57,1.6,18.72,10.29,14.02,1.6,18.72,9.92,13.6,1.67,18.33,9.54,171,6,177,0,20,0,20.1,19.8,3/29/2009,20:50:00
57,47,35,14.12,1.47,18.72,11.07,13.35,1.47,18.72,9.54,12.73,1.47,16.4,8.77,171,7,157,0,19.8,0,20.1,19.6,3/29/2009,21:00:00
57,47,35,14.4,1.82,20.99,10.29,13.92,1.74,19.48,10.29,13.46,1.74,17.94,9.92,172,7,174,0,19.6,0,19.8,19.6,3/29/2009,21:10:00
57,47,35,15.55,1.53,19.48,11.82,14.95,1.47,19.07,11.07,14.47,1.47,18.33,11.07,170,7,174,0,19.8,0,19.8,19.6,3/29/2009,21:20:00
57,47,35,14.96,1.6,20.22,11.45,14.33,1.6,18.72,10.29,13.86,1.6,17.94,9.92,172,6,177,0,19.6,0,19.8,19.6,3/29/2009,21:30:00
57,47,35,15.88,1.4,20.22,11.82,15.14,1.34,19.48,11.82,14.51,1.47,19.85,10.29,172,7,162,0,19.5,0,19.6,19.3,3/29/2009,21:40:00
57,47,35,15.95,1.53,19.48,11.82,15.31,1.6,18.72,11.07,14.66,1.53,18.33,10.67,173,6,157,0,19.2,0,19.6,19,3/29/2009,21:50:00
57,47,35,16.07,1.82,20.6,11.82,15.28,1.74,20.99,11.45,14.63,1.74,19.85,10.67,173,6,179,0,19.2,0.1,19.6,19,3/29/2009,22:00:00
57,47,35,16.51,1.82,20.6,11.45,15.71,1.82,20.22,10.67,15.08,1.9,20.22,9.54,173,7,163,0,19.2,0,19.6,19,3/29/2009,22:10:00
57,47,35,17.06,1.6,21.39,12.2,16.28,1.53,19.85,11.45,15.48,1.67,20.6,10.29,173,7,165,0,19.2,0,19.6,19,3/29/2009,22:20:00
57,47,35,17.13,1.6,21.39,12.2,16.39,1.67,21.39,11.82,15.84,1.82,20.99,10.67,173,6,183,0,19.3,0,19.6,19.3,3/29/2009,22:30:00
57,47,35,17.21,1.67,21.79,12.96,16.58,1.67,20.6,12.2,15.87,1.82,20.6,11.45,174,6,174,0,19.3,0,19.6,19.3,3/29/2009,22:40:00
57,47,35,17.35,1.74,22.14,12.59,16.73,1.74,22.14,11.82,16.12,1.74,20.99,11.82,174,7,166,0,19.4,0,19.6,19.3,3/29/2009,22:50:00
57,47,35,17.06,1.82,20.99,11.82,16.23,1.82,20.99,11.45,15.57,1.98,20.99,10.67,173,7,174,0,19.3,0,19.6,19.3,3/29/2009,23:00:00
57,47,35,16.46,1.98,21.39,11.45,15.65,1.98,20.6,10.67,14.9,1.9,19.07,9.92,175,7,161,0,19.3,0,19.6,19,3/29/2009,23:10:00
57,47,35,16.89,1.82,22.14,11.82,16.04,1.9,22.14,11.07,15.61,1.9,20.6,11.07,173,7,176,0,19.4,0,19.6,19.3,3/29/2009,23:20:00
57,47,35,17.93,1.74,22.92,12.96,17.34,1.6,22.14,12.96,16.84,1.67,21.39,12.96,173,7,176,0,19.6,0,19.8,19.3,3/29/2009,23:30:00
57,47,35,16.68,1.74,21.79,12.2,16.03,1.82,20.99,11.45,15.38,1.82,21.39,10.67,175,8,172,0,19.4,0,19.6,19.3,3/29/2009,23:40:00
57,47,35,16.84,1.9,21.79,11.82,16.09,1.82,20.99,12.2,15.41,1.82,21.79,9.92,178,7,174,0,19.4,0,19.6,19.3,3/29/2009,23:50:00
57,47,35,17.32,1.82,22.14,11.82,16.76,1.82,21.79,12.2,16.12,1.9,20.22,11.45,176,6,183,0,19.4,0,19.6,19.3,3/30/2009,0:00:00
57,47,35,16.85,2.07,22.92,11.45,16.32,1.98,22.56,11.45,15.64,1.9,20.6,10.67,178,7,192,0,19.3,0,19.6,19.3,3/30/2009,0:10:00
57,47,35,16.51,1.74,21.79,12.96,15.82,1.74,20.6,10.67,15.06,1.82,19.85,11.07,178,7,183,0,19.3,0,19.6,19,3/30/2009,0:20:00
57,47,35,16.57,1.82,21.79,11.82,16,1.82,21.39,11.82,15.48,1.67,20.22,11.45,179,7,185,0,19.2,0,19.3,19,3/30/2009,0:30:00
57,47,35,16.6,1.74,20.6,12.96,15.96,1.74,20.6,10.67,15.28,1.67,19.48,11.07,178,6,176,0,19.1,0,19.3,19,3/30/2009,0:40:00
57,47,35,16.37,1.82,20.6,11.82,15.75,1.74,20.6,10.67,15.07,1.74,20.22,10.67,178,7,179,0,19,0,19.3,18.7,3/30/2009,0:50:00
57,47,35,16.41,1.47,19.85,11.82,15.87,1.47,19.48,11.07,15.33,1.6,18.72,10.67,178,6,169,0,18.9,0,19,18.7,3/30/2009,1:00:00
57,47,35,15.85,1.67,20.99,11.45,15.51,1.6,20.22,11.82,15.06,1.6,20.6,11.07,179,6,172,0,18.8,0,19,18.7,3/30/2009,1:10:00
57,47,35,15.45,1.98,19.85,9.92,15.03,2.16,19.85,9.15,14.28,2.16,19.85,9.54,183,6,186,0,18.6,0,18.7,18.4,3/30/2009,1:20:00
57,47,35,15.36,1.6,18.72,10.29,14.82,1.53,18.33,10.29,14.09,1.47,18.33,9.54,189,7,189,0,18.4,0,18.7,17.9,3/30/2009,1:30:00
57,47,35,16.16,1.9,21.39,11.82,15.56,1.9,20.22,11.07,14.74,1.98,20.6,10.67,190,6,186,0,18.1,0.1,18.4,17.9,3/30/2009,1:40:00
57,47,35,14.1,1.47,19.48,10.29,13.58,1.53,19.07,9.54,12.94,1.53,18.33,9.54,195,6,191,0,17.9,0,18.4,17.6,3/30/2009,1:50:00
57,47,35,14.45,1.4,17.94,11.07,13.91,1.4,18.33,10.29,13.24,1.4,17.94,9.92,193,6,193,0,17.7,0,17.9,17.6,3/30/2009,2:00:00
57,47,35,15,1.18,17.94,11.82,14.37,1.29,17.57,10.67,13.59,1.47,17.2,9.15,189,7,191,0,17.6,0,17.9,17.6,3/30/2009,2:10:00
57,47,35,15.35,1.34,18.72,11.82,14.74,1.34,17.94,11.45,14,1.4,17.57,10.29,188,6,188,0,17.5,0,17.6,17.3,3/30/2009,2:20:00
57,47,35,14.38,1.13,17.2,10.67,13.82,1.18,17.57,9.92,13.06,1.23,16.79,10.29,186,5,185,0,17.3,0,17.6,17,3/30/2009,2:30:00
57,47,35,13.28,1.4,17.2,9.92,12.91,1.29,16.4,8.77,12.47,1.4,16.79,8.37,185,5,189,0,16.9,0,17,16.7,3/30/2009,2:40:00
57,47,35,13.68,1.47,18.72,10.29,13.14,1.53,17.57,9.92,12.61,1.53,17.57,9.54,183,6,179,0,16.7,0,17,16.5,3/30/2009,2:50:00
57,47,35,15.21,1.4,18.72,11.45,14.78,1.6,18.33,11.45,14.02,1.6,17.57,10.67,183,6,183,0,16.5,0,16.7,16.2,3/30/2009,3:00:00
57,47,35,15.33,1.74,19.85,11.07,14.73,1.74,19.07,10.29,13.97,1.82,17.57,9.92,185,6,191,0,16.4,0,16.5,16.2,3/30/2009,3:10:00
57,47,35,15.18,1.67,19.48,10.29,14.79,1.74,19.07,9.54,14.19,1.67,18.33,9.15,184,6,194,0,16.2,0,16.5,15.9,3/30/2009,3:20:00
57,47,35,14.98,1.4,19.07,11.45,14.59,1.47,19.07,11.07,13.93,1.4,18.33,9.54,185,6,185,0,15.9,0.1,16.2,15.6,3/30/2009,3:30:00
57,47,35,15.88,1.6,19.48,11.07,15.22,1.67,19.07,10.29,14.61,1.67,18.72,9.54,184,5,182,0,15.8,0,15.9,15.6,3/30/2009,3:40:00
57,47,35,15.8,1.6,19.48,11.45,15.39,1.6,19.48,11.45,14.77,1.6,18.72,10.29,186,6,179,0,15.6,0,15.6,15.3,3/30/2009,3:50:00
57,47,35,15.34,1.34,18.33,11.45,14.89,1.4,18.33,9.92,14.19,1.34,17.94,9.15,185,6,185,0,15.3,0,15.3,15.3,3/30/2009,4:00:00
57,47,35,15.05,1.4,17.94,11.45,14.5,1.47,17.94,11.07,13.87,1.4,17.57,10.29,185,6,194,0,15.2,0,15.3,15.1,3/30/2009,4:10:00
57,47,35,15.53,1.47,19.48,11.07,14.99,1.53,19.07,10.29,14.11,1.67,18.72,9.92,185,7,182,0,15,0,15.3,15.1,3/30/2009,4:20:00
57,47,35,15.23,1.53,19.07,11.82,14.58,1.6,18.72,11.82,13.74,1.53,18.33,9.92,186,6,185,0,14.9,0,15.3,14.8,3/30/2009,4:30:00
57,47,35,16.2,1.34,19.07,12.2,15.56,1.47,18.72,11.45,14.86,1.47,18.33,11.07,186,6,189,0,14.7,0,15.1,14.8,3/30/2009,4:40:00
57,47,35,16.17,1.53,19.48,12.96,15.45,1.67,19.85,12.59,14.37,1.67,19.07,10.29,186,6,188,0,14.6,0,14.8,14.5,3/30/2009,4:50:00
57,47,35,16.55,1.34,19.48,13.34,15.91,1.53,19.85,12.59,15.11,1.53,19.07,11.82,187,6,191,0,14.5,0,14.8,14.2,3/30/2009,5:00:00
57,47,35,16.39,1.53,20.22,11.07,15.72,1.6,19.85,10.29,14.78,1.67,18.72,8.77,188,6,186,0,14.2,0,14.5,14.2,3/30/2009,5:10:00
57,47,35,16.63,1.53,21.39,12.59,15.94,1.47,20.6,12.2,15.07,1.47,18.72,11.07,187,6,177,0,14.1,0,14.5,14.2,3/30/2009,5:20:00
57,47,35,16.12,1.67,20.6,11.82,15.46,1.82,20.22,11.07,14.68,1.53,17.94,10.67,188,6,184,0,14,0,14.2,14,3/30/2009,5:30:00
57,47,35,16.04,1.6,20.22,12.2,15.3,1.74,19.07,10.29,14.33,1.67,18.72,9.92,188,6,191,0,13.7,0.1,14.2,13.7,3/30/2009,5:40:00
57,47,35,15.79,1.4,19.48,10.67,15.11,1.53,18.72,10.29,14.39,1.6,19.85,9.54,187,6,184,0,13.6,0,13.7,13.7,3/30/2009,5:50:00
57,47,35,15.28,1.4,19.07,11.82,14.58,1.53,18.33,11.07,13.75,1.47,17.2,10.67,187,6,186,0,13.6,0,13.7,13.4,3/30/2009,6:00:00
57,47,35,14.18,1.53,18.72,10.67,13.73,1.47,17.57,9.92,13.11,1.29,17.57,9.92,184,6,190,0,13.4,0,13.7,13.4,3/30/2009,6:10:00
57,47,35,13.31,1.4,17.2,9.92,12.66,1.4,16.4,9.54,12.05,1.34,16.79,8.37,183,6,183,0,13.2,0,13.4,13.2,3/30/2009,6:20:00
57,47,35,13.26,1.18,16.05,10.29,12.78,1.18,16.79,9.54,12.06,1.18,15.27,9.15,185,6,183,0,13,0,13.4,13.2,3/30/2009,6:30:00
57,47,35,13.55,1.6,17.94,9.92,13.02,1.67,17.57,8.37,12.27,1.74,17.94,8.77,186,7,173,0,13,0,13.2,12.9,3/30/2009,6:40:00
57,47,35,10.5,2.26,15.63,4.94,10.19,2.07,15.63,5.32,10.03,1.98,15.27,4.94,205,15,195,0,13,0,13.2,12.9,3/30/2009,6:50:00
57,47,35,12.11,1.98,16.05,7.61,11.7,1.9,16.4,7.61,11.24,1.82,15.27,6.85,193,8,187,0,12.9,0,13.2,12.9,3/30/2009,7:00:00
57,47,35,13.13,1.4,16.4,8.77,12.69,1.47,16.05,8.77,12.16,1.29,15.63,8.77,188,6,188,0,13,0,13.2,13.2,3/30/2009,7:10:00
57,47,35,13.06,1.13,16.05,9.92,12.52,1.29,15.63,8.77,11.67,1.29,15.27,8.37,190,6,191,0,13.2,0,13.4,13.2,3/30/2009,7:20:00
57,47,35,13.98,1.23,16.79,11.07,13.46,1.34,16.79,9.54,12.71,1.34,16.4,9.15,188,6,188,0,13.4,0,13.7,13.4,3/30/2009,7:30:00
57,47,35,13.58,1.47,16.79,10.29,13.12,1.6,17.2,9.54,12.44,1.67,16.79,8.77,189,6,185,0,13.6,0,14,13.7,3/30/2009,7:40:00
57,47,35,13.63,1.29,16.79,10.29,13.1,1.34,16.05,9.92,12.38,1.4,15.63,8.77,189,6,179,0,14.1,0,14.5,14,3/30/2009,7:50:00
57,47,35,14.57,1.18,18.33,11.07,14.08,1.34,18.33,9.92,13.37,1.4,17.2,9.54,193,6,194,0,14.5,0.1,15.1,14.2,3/30/2009,8:00:00
57,47,35,13.99,1.6,17.2,9.15,13.69,1.74,17.2,8.37,13.24,1.74,16.4,7.99,194,6,185,0,15,0,15.3,14.8,3/30/2009,8:10:00
57,47,35,13.37,1.47,16.79,9.92,12.99,1.47,17.2,9.54,12.63,1.53,16.05,8.77,195,7,198,0,15.6,0.1,15.9,15.3,3/30/2009,8:20:00
57,47,35,12.76,1.29,15.63,8.77,12.34,1.4,15.63,8.77,11.84,1.47,14.87,7.61,195,7,186,0,16,0,16.5,15.6,3/30/2009,8:30:00
57,47,35,11.9,1.18,16.79,8.77,11.54,1.18,14.87,8.37,11.22,1.18,14.14,7.99,197,6,193,0,16.6,0.1,16.7,16.2,3/30/2009,8:40:00
57,47,35,11.41,1.47,14.87,7.61,11.3,1.53,14.52,6.85,11.22,1.6,14.87,7.24,201,7,202,0,17.4,0.2,17.9,16.7,3/30/2009,8:50:00
57,47,35,11.77,1.34,14.87,7.24,11.6,1.47,14.87,6.85,11.42,1.53,14.87,6.85,202,8,209,0,17.9,0.1,18.4,17.3,3/30/2009,9:00:00
57,47,35,11.02,1.4,14.52,6.47,10.88,1.4,14.14,7.24,10.78,1.34,14.52,6.85,203,8,200,0,18.4,0.1,19,17.9,3/30/2009,9:10:00
57,47,35,10.88,1.53,14.87,5.71,10.89,1.47,14.14,7.24,10.8,1.47,14.52,6.85,208,7,212,0,19.6,0.3,20.1,19,3/30/2009,9:20:00
57,47,35,10.66,1.74,14.87,6.47,10.69,1.67,14.87,6.47,10.66,1.6,14.87,6.47,208,11,207,0,20,0.3,20.7,19.6,3/30/2009,9:30:00
57,47,35,9.45,1.98,14.52,5.32,9.47,1.9,14.14,5.32,9.74,1.82,13.73,5.32,219,10,211,0,21,0.3,21.9,20.7,3/30/2009,9:40:00
57,47,35,9.6,1.53,12.96,5.32,9.89,1.47,13.73,5.71,10.42,1.47,14.87,6.47,227,9,241,0,21.7,0,21.9,21.6,3/30/2009,9:50:00
57,47,35,10.05,1.98,16.05,4.94,10.36,1.82,15.27,5.71,10.75,1.67,14.52,6.47,235,9,245,0,22.3,0.2,22.8,21.9,3/30/2009,10:00:00
57,47,35,11.55,2.07,16.05,6.47,11.5,1.98,15.27,5.71,11.61,1.74,15.63,7.24,234,10,235,0,22.8,0,23.4,22.2,3/30/2009,10:10:00
57,47,35,12.61,2.26,17.2,6.47,12.57,2.16,16.79,6.85,12.56,2.16,16.79,5.32,234,10,256,0,23.3,0,23.7,23.1,3/30/2009,10:20:00
57,47,35,15.35,2.16,19.85,7.99,15,1.98,19.48,8.37,14.78,1.9,21.39,9.92,239,8,249,0,23.5,0,24,23.4,3/30/2009,10:30:00
57,47,35,14.52,1.9,18.33,8.77,14.22,1.74,17.94,9.15,13.87,1.74,18.72,9.92,243,8,251,0,24.4,0.3,24.9,23.7,3/30/2009,10:40:00
57,47,35,15.27,1.82,19.07,9.54,14.93,1.82,19.85,10.29,14.7,1.82,20.22,9.15,238,7,236,0,24.6,0.1,24.9,24.6,3/30/2009,10:50:00
57,47,35,14.78,1.82,19.07,11.07,14.38,1.9,18.72,9.92,13.94,1.9,18.33,9.15,248,8,252,0,25.1,0,25.5,24.9,3/30/2009,11:00:00
57,47,35,13.66,2.07,19.48,9.15,13.42,1.9,18.33,9.15,13.66,1.98,17.94,8.77,239,10,241,0,25.2,0.2,25.8,24.9,3/30/2009,11:10:00
57,47,35,14.59,1.74,20.6,10.29,14.42,1.74,18.72,9.54,14.43,1.82,19.48,9.92,239,9,226,0,25.5,0,25.8,25.5,3/30/2009,11:20:00
57,47,35,12.68,1.67,16.79,8.77,12.51,1.82,17.2,7.99,12.51,1.98,17.2,8.37,244,8,251,0,25.9,0,26.4,25.5,3/30/2009,11:30:00
57,47,35,12.53,1.53,16.05,8.77,12.43,1.4,16.05,9.15,12.5,1.4,16.05,8.77,243,8,241,0,26.2,0,26.7,26.1,3/30/2009,11:40:00
